mfcc,scem,scom,srom,sbwm,tempo,rmse,momento_aux
-8.979329335757601,1772.5985253332717,24.04632715299829,3065.9833939058876,1969.22381415917,198.76802884615384,0.052724726498126984,Timbre
-8.775425930020443,1783.7778210299962,24.12786002348193,3094.7609461100637,1968.6438610938376,198.76802884615384,0.05355910211801529,Timbre
-11.648683484477946,4381.043785823766,17.779601025693577,8364.475329901392,3014.9458209512864,129.19921875,0.04339069500565529,Licuadora
-2.4817972262284753,1475.9429509013958,20.655018259700892,2684.7807492568154,1087.6054367434992,107.666015625,0.22358477115631104,Licuadora
-2.5197282931018723,1457.2185656924232,19.95388865043475,2662.5980527660963,1089.5934930394944,112.34714673913044,0.23556169867515564,Licuadora
-7.42672221722818,3368.4287180764995,18.802524519181617,7330.2820475638055,3018.047707093816,103.359375,0.032254576683044434,Licuadora
-23.28735786375903,1188.6479951428328,24.67886402693675,1406.627766549449,1096.746967320583,129.19921875,0.07353110611438751,Timbre
-21.91599054059631,2180.1552022657334,16.855905480754547,5010.741394467807,2540.170148421535,184.5703125,0.0050703841261565685,Licuadora
-2.668717236721249,3201.2253068442965,18.353727141610076,6952.0770646026685,2912.2278995175016,112.34714673913044,0.08257368206977844,Licuadora
-23.42959323077575,1645.7506015576696,27.475119366964048,2327.2346514283645,1045.6059367654052,112.34714673913044,0.09390745311975479,Timbre
-22.992331646548205,1207.509629715998,24.703488659315997,1435.4552797817576,1107.6744945431274,129.19921875,0.0776042714715004,Timbre
-21.58125781174331,3641.259336622547,18.229922568959307,6723.080692158498,2544.68546509612,117.45383522727273,0.008106383495032787,Licuadora
-11.728285001885608,4382.362547266749,17.707876866756173,8379.663482453596,3014.2877936881337,129.19921875,0.04328479617834091,Licuadora
-19.285444598329484,1485.8456849934812,28.66655881131112,2137.4826665820765,1005.9563329224919,112.34714673913044,0.17623108625411987,Timbre
-8.908068200100825,1766.5320285344326,24.18396541618179,3048.4970340595996,1960.5845376148811,198.76802884615384,0.05353623628616333,Timbre
-21.200464223084634,1444.3383490378758,28.32344451517599,2064.789370649652,967.8153635772013,112.34714673913044,0.13442698121070862,Timbre
-23.445501384049802,1150.9423597704053,24.77853834723983,1323.8673234483758,1064.4836902661464,129.19921875,0.0708184540271759,Timbre
-22.89157972544358,1210.1634826683764,24.705599819124732,1441.700408298289,1109.8691134251412,129.19921875,0.07861913740634918,Timbre
-23.007157139465416,1284.3758715007243,28.31693840109228,1785.4073013341067,898.9254484077588,112.34714673913044,0.09770232439041138,Timbre
-5.296334984301673,2945.6015670694683,18.68199788927548,6856.7764034404,2934.73587387757,112.34714673913044,0.06733241677284241,Licuadora
-22.958414230882923,1209.1340635641889,24.713554649980416,1438.752707638486,1111.213567440377,129.19921875,0.07809541374444962,Timbre
-2.5034780445975207,1457.7643584681716,19.959365034794608,2665.9954026790892,1093.0822414197949,123.046875,0.2358553111553192,Licuadora
-19.80488040283784,3572.5896192179603,17.980205284586756,6630.053257776247,2510.746524173056,117.45383522727273,0.009882097132503986,Licuadora
-11.422960145160783,4409.611136092386,17.72280839414875,8398.673653657917,3014.255679017776,123.046875,0.04624516889452934,Licuadora
-23.220678881584767,1156.2990180172374,24.8544959624495,1343.7018516168794,1064.0685997392388,129.19921875,0.07349065691232681,Timbre
-25.04532401385338,2747.57043698965,24.953012202225967,3977.2475665240718,1439.6004865355994,112.34714673913044,0.0671185776591301,Timbre
-8.8026240516294,1895.8436722539686,19.549456922360207,3639.111328125,2361.1022650141426,120.0,0.1496841162443161,Timbre
-4.719104188093598,2769.438614612549,19.205651025154854,6504.70103819243,2858.7189147708596,117.45383522727273,0.06253903359174728,Licuadora
-11.254169552275343,4409.933377068187,17.70153769259135,8387.382461300029,3013.2141169440997,123.046875,0.04679455608129501,Licuadora
-22.40729107189916,1313.742773146103,28.398873801864656,1827.9740973027842,901.8436767363102,112.34714673913044,0.11147867888212204,Timbre
-8.813486057421446,1780.668353192439,24.169763311568467,3075.9755995323376,1975.4133178889927,198.76802884615384,0.053234267979860306,Timbre
-3.8155308018406053,2966.4925457269646,18.481197065111353,6791.627222755946,2899.2452397613156,135.99917763157896,0.06870311498641968,Licuadora
-8.78203761768661,1797.2505635322113,24.095437739185115,3106.6516708055397,1969.9692542012963,198.76802884615384,0.05448213592171669,Timbre
-24.30425584623914,2445.5972936035364,25.675183983539657,3535.7669414334396,1367.7436608147204,112.34714673913044,0.07961086183786392,Timbre
-20.27314853175061,3572.680652559214,17.959155488712266,6630.727731656032,2514.0660703964154,135.99917763157896,0.009648953564465046,Licuadora
-8.783832858156302,1799.5435022231159,24.01801066620221,3114.945201475493,1976.6519167413107,198.76802884615384,0.054232098162174225,Timbre
-23.065937752969905,3205.5817799992974,24.43639575328561,4674.953324390951,1626.5749629492993,112.34714673913044,0.1043090671300888,Timbre
-5.037770026024722,2916.513834493589,18.73467744477655,6782.50933512181,2915.7835459080543,129.19921875,0.06830820441246033,Licuadora
-20.185232568627853,3562.3517535833985,18.063838110358276,6617.263234574391,2511.5651554100327,112.34714673913044,0.009647121652960777,Licuadora
-2.5382827737015785,1457.7196236491898,19.947036951913528,2668.368551515371,1092.6106075876335,143.5546875,0.23622052371501923,Licuadora
-19.615325029050172,3172.1415782814956,37.15125845224083,6136.962890625,2473.946066756357,120.0,0.01449501235038042,Licuadora
-22.647168452459848,1340.3137069405766,28.187677127218475,1861.8476743764502,944.4794036006745,112.34714673913044,0.10968673229217529,Timbre
-9.35596800955712,1934.3040707426464,23.910735601053307,3374.39282056627,2018.2771575741765,198.76802884615384,0.053459733724594116,Timbre
-18.151530973940115,3484.0732030938757,17.700359171532796,6495.383306445766,2465.857242697338,123.046875,0.011912918649613857,Licuadora
-23.01897622126071,1888.362136185342,26.891409344531557,2681.608223970418,1134.0889639169811,112.34714673913044,0.09602131694555283,Timbre
-2.543181611277227,1476.1634499301806,20.70771648331113,2693.473968151827,1085.511346029696,112.34714673913044,0.22267687320709229,Licuadora
-8.740829629085077,1770.2836394962771,24.120564995678006,3025.365078034368,1959.8807457834666,198.76802884615384,0.05353844538331032,Timbre
-11.810073315511929,4396.3613054904,17.78749681523677,8391.379343550609,3013.3984229298126,129.19921875,0.043576762080192566,Licuadora
-4.229441636729613,2833.126918052124,18.747069428562003,6625.207038047419,2881.99670762556,123.046875,0.08795379847288132,Licuadora
-11.7497223506591,4386.15531508624,17.728716013573138,8380.812586100637,3015.843968397189,129.19921875,0.043351758271455765,Licuadora
-8.814717404913184,1776.522278299997,24.179475800955988,3056.715623187355,1962.455864334043,198.76802884615384,0.05391976609826088,Timbre
-2.4931441563646874,1477.1123972436583,20.691258385458866,2691.1257998296114,1090.1717233915324,123.046875,0.22317519783973694,Licuadora
0.07819836702109369,2170.9247121093804,18.2678810104714,5558.389204339473,2730.350932201754,112.34714673913044,0.0573873333632946,Licuadora
-20.84882933343354,3604.579267233939,18.20704897664418,6702.971378335267,2540.9016678910657,112.34714673913044,0.008370627649128437,Licuadora
-23.897881795109278,2238.1136171574963,26.49327488177029,3180.59399244127,1214.437506269144,112.34714673913044,0.09158720821142197,Timbre
-11.303117017441469,4369.308466113708,17.70214401181565,8352.634566234048,3011.9807552397597,123.046875,0.04523361101746559,Licuadora
-23.35030319194476,1182.731979072565,24.72396667629077,1392.1390683910963,1086.0871164060154,129.19921875,0.0724605992436409,Timbre
-22.95583845340099,1180.5300386966614,24.824519639157327,1390.8650621737238,1085.4501724924494,129.19921875,0.07812623679637909,Timbre
-3.3495710391226248,2887.474121098599,18.70364754053526,6613.316313351943,2855.883319693422,129.19921875,0.07750727236270905,Licuadora
-2.7147887590438886,2896.778400285095,19.591891724641254,6326.939700097882,2750.398429303588,117.45383522727273,0.0789254829287529,Licuadora
-23.428815943951566,1149.920292703453,24.826087441202734,1323.1428885404582,1060.8727939314592,129.19921875,0.07146289944648743,Timbre
-22.914098217701113,1320.2300602219007,28.187980171184652,1830.3722266531322,931.9766406368465,112.34714673913044,0.10373521596193314,Timbre
-22.197715945282305,1342.3501764821083,28.303058500311643,1876.0615868800753,924.36486548612,112.34714673913044,0.11646430939435959,Timbre
-2.4751215775234954,1458.040925359667,19.82203245647406,2664.921240574246,1092.6796881360194,123.046875,0.23612922430038452,Licuadora
-22.896224638038937,1209.7059999458863,24.780499798633503,1441.9751939530163,1108.083455837301,129.19921875,0.0791022852063179,Timbre
-11.709873102333745,4388.495207922157,17.731705732421823,8384.0850334433,3013.553051355257,135.99917763157896,0.04344692453742027,Licuadora
-8.791355921164191,1797.3325585070857,24.08556138121585,3096.234796439965,1975.141910148174,198.76802884615384,0.053988028317689896,Timbre
0.4295344561672112,2101.9011629380557,18.405453257303154,4483.452703560035,2383.357193230809,117.45383522727273,0.11735735833644867,Licuadora
-2.512312939473242,1475.3950616332033,20.616714861253172,2690.8010531467517,1087.309083470924,112.34714673913044,0.2229691445827484,Licuadora
-20.129501662621585,3566.650566770237,17.964211618039833,6624.832330336427,2512.125200623076,143.5546875,0.009633288718760014,Licuadora
-22.85966313715545,1227.2105503705418,24.72621726227711,1477.622387525377,1110.4651209224658,129.19921875,0.07942093163728714,Timbre
-21.93022112259343,1369.2203115215843,28.209707900410365,1919.7525059817285,944.737654244144,112.34714673913044,0.12299291789531708,Timbre
-12.065454919404592,4362.484369991772,17.867398470896685,8382.436319514936,3021.2321685930588,135.99917763157896,0.0425812192261219,Licuadora
-23.29041533856126,1149.9296989117424,24.856636866424438,1323.4676352233178,1059.833178723987,129.19921875,0.07296935468912125,Timbre
-25.69444533159718,3402.3492443315577,23.758256028425084,4931.802970018852,1684.2308948910763,112.34714673913044,0.06160988286137581,Timbre
-22.46151190591945,1352.405995401538,28.246832699224267,1888.4769023709396,942.44757492289,112.34714673913044,0.11441877484321594,Timbre
-17.49071869426004,2402.5553155561447,19.21570921718214,5518.919992114994,2654.9621670688966,123.046875,0.005961159244179726,Licuadora
-11.739825161990899,4386.027919533862,17.75121427192896,8383.83522830264,3013.894155743049,129.19921875,0.04339625686407089,Licuadora
-2.5061418846768295,1455.3069752045365,19.956577920113958,2663.947000525667,1090.9655550686941,112.34714673913044,0.23645751178264618,Licuadora
-12.227919879339147,4372.494954308416,17.658998483721316,8395.30128425899,3023.6287529646893,129.19921875,0.04279301315546036,Licuadora
-17.990900856244362,3501.511150345709,17.41757270754049,6505.625317212877,2466.7610500467504,123.046875,0.012291433289647102,Licuadora
-8.801864797811971,1743.0484165357957,24.135573356057964,2956.8185474369197,1949.3977224916703,215.33203125,0.05238424614071846,Timbre
-2.5191999871682715,1458.338075861603,19.913761964420424,2669.068005909223,1091.0135197340517,129.19921875,0.23566710948944092,Licuadora
-2.5201061991429237,1457.7780138732548,19.867515115743718,2668.2436489450406,1092.4987577882118,123.046875,0.23653627932071686,Licuadora
-20.220643712416535,3575.336637148903,18.03485122120268,6634.3748867096865,2515.7026758911543,143.5546875,0.009649374522268772,Licuadora
-22.663997862030005,1292.3107698300898,28.527861907316044,1798.8967789298144,886.227393862864,112.34714673913044,0.10466073453426361,Timbre
-5.924667601086101,2839.59801667729,18.92543109455137,6852.204969366299,2955.364746873025,129.19921875,0.0721188560128212,Licuadora
-20.212933517296,3574.579466999499,17.915093627644758,6631.152400395156,2514.969166147084,117.45383522727273,0.009639309719204903,Licuadora
-19.960024868889093,3569.9358229320574,18.05928743546069,6624.457622625435,2510.0017793293623,112.34714673913044,0.009841134771704674,Licuadora
-11.853871904187342,4393.2793658561295,17.65843956647432,8389.530785509716,3012.6505097960485,135.99917763157896,0.04360874369740486,Licuadora
-2.5037415772716813,1457.5034606360755,19.887855138704158,2663.772136927204,1090.8396457319277,129.19921875,0.23594515025615692,Licuadora
-23.09555317234756,1169.0940240457498,24.837178024179785,1363.3365356728539,1075.0022212995757,129.19921875,0.07464107871055603,Timbre
-8.850082805742806,1818.669684649294,24.03083620635657,3154.6142578125,1979.979885338413,198.76802884615384,0.054249413311481476,Timbre
-11.708196429754555,4385.974271036649,17.657783134049712,8370.720458417924,3014.9054718009615,129.19921875,0.04316652938723564,Licuadora
-8.733261052908205,1787.558405157089,24.21871939544381,3065.5837056808296,1968.6717197119483,198.76802884615384,0.05409516766667366,Timbre
-22.87104256565542,1198.847642541803,24.90919645038321,1425.013424902117,1096.0042268169414,129.19921875,0.07983290404081345,Timbre
-18.0223429674052,3488.086956897421,17.620579567420986,6496.882137289733,2467.9294079635733,117.45383522727273,0.012077242136001587,Licuadora
-12.022617613028869,4358.139697167672,17.685534694535825,8365.174784295243,3024.4071410402307,135.99917763157896,0.04230665788054466,Licuadora
-22.85481761891339,1209.3427143673794,24.700503976620748,1440.151616426189,1107.5230817166814,129.19921875,0.07901428639888763,Timbre
-7.677231484831388,3138.6502676529412,18.621987193035597,6982.853057932135,2908.737641929632,95.703125,0.02832106500864029,Licuadora
-17.910638991968145,3503.303458038484,17.55248027456619,6508.323212732019,2468.102432205677,123.046875,0.012276031076908112,Licuadora
-4.4384268205795445,2993.236557633716,18.58941788331056,6882.156605731583,2935.6701506082536,129.19921875,0.0715382993221283,Licuadora
-8.727121795225298,1789.307652181576,24.163090313457257,3069.4307048470127,1968.6190501706972,198.76802884615384,0.05422792211174965,Timbre
-22.084095821796815,1875.9701777041737,27.20404314118858,2690.1265792669665,1137.8923395749334,112.34714673913044,0.1213141679763794,Timbre
-8.73024211519942,1777.490524793625,24.204189300101564,3065.5587251667635,1960.0311068057513,198.76802884615384,0.054481301456689835,Timbre
-23.380168718290737,1149.4863078230126,24.846875440365547,1324.1421091031032,1059.494461597387,129.19921875,0.07160704582929611,Timbre
-2.479239093402522,1475.0871166034538,20.599226347409154,2685.6051062209976,1084.3948239074105,112.34714673913044,0.22328592836856842,Licuadora
-8.742156682611899,1798.4079150368536,24.119682447687005,3121.914764899942,1969.2417696231048,198.76802884615384,0.05423856899142265,Timbre
-0.8912854597933481,2661.2688852327583,18.31018233889209,6264.93806418576,2803.7902331797463,129.19921875,0.07482951879501343,Licuadora
-11.62873161742483,4376.877306954005,17.612476988950604,8363.32622625435,3014.4891884168255,129.19921875,0.043324220925569534,Licuadora
-23.52069435551196,1163.7822247844178,24.77233435137203,1344.1764813841357,1073.7470691612195,129.19921875,0.06995979696512222,Timbre
-22.26782401262517,1327.9870494872628,28.234262717706734,1856.876552077291,913.3940823976233,112.34714673913044,0.11284846067428589,Timbre
-2.5081308904482205,1458.1398649000039,20.00937266708401,2668.768239740429,1091.749481623608,123.046875,0.2363077849149704,Licuadora
-23.0786587555471,1168.9823806944135,24.797882420347815,1364.385717263631,1073.7755231714436,129.19921875,0.07479337602853775,Timbre
-8.878095882357176,1793.3193029317072,24.033047046545743,3086.592318010441,1970.939654741979,198.76802884615384,0.05440707504749298,Timbre
-14.002213468435325,2112.1347697819488,16.998638227619367,4696.23672237529,2511.68556105536,143.5546875,0.053927503526210785,Licuadora
-23.20599475115131,1157.4877532465937,24.859487677562317,1344.7010721795243,1065.8615082380354,129.19921875,0.07361017912626266,Timbre
-2.546356134959986,1456.8143700463638,19.996942408064356,2663.747156413138,1091.2703663391499,112.34714673913044,0.23653855919837952,Licuadora
-23.040243049554245,1206.9659095268096,24.677612042297806,1435.3303772114268,1105.7235262216714,129.19921875,0.0769471526145935,Timbre
-23.551172469816937,1152.1194966380986,24.79749372975895,1321.0195448448376,1068.371511376802,129.19921875,0.06997733563184738,Timbre
-23.32515719823749,1184.1258153405752,24.727492235504467,1394.5871587695765,1087.9244697339077,129.19921875,0.07267791032791138,Timbre
-23.224836923167164,1189.7542626034754,24.66384643422393,1401.3318975674304,1094.8571517856096,129.19921875,0.07505134493112564,Timbre
-22.41013388114689,1316.5586034633964,28.32682565213295,1830.721953850058,904.4291535167229,112.34714673913044,0.11173006892204285,Timbre
-22.942770185554004,1284.1281081011741,28.30855086093543,1784.9326715668503,896.0353323580779,112.34714673913044,0.09791521728038788,Timbre
-2.4669663082382787,1458.6508731176632,19.87876242537132,2665.4957923977668,1093.001237996959,129.19921875,0.23655351996421814,Licuadora
-0.16182267311108517,2132.1085571087206,20.821949455608404,5297.16796875,2693.5492631685315,120.0,0.05788470059633255,Licuadora
-8.77957522460376,1779.0068894251808,24.199973170122533,3046.548553962442,1962.4097296285406,198.76802884615384,0.05403008684515953,Timbre
-19.59296752904221,3582.583179603885,17.81908717492835,6626.955674032048,2506.4478637536617,117.45383522727273,0.010363231413066387,Licuadora
-11.75660898413571,4381.645717406126,17.77062755610385,8384.459741154293,3015.743846477878,129.19921875,0.04277811199426651,Licuadora
-8.727718921057463,1767.6635906264994,24.175469759579148,3041.102801896027,1962.1390291693717,215.33203125,0.053083088248968124,Timbre
-8.853526944912527,1787.3407185835533,24.154597505272548,3082.245708562935,1965.898581929035,198.76802884615384,0.05423547327518463,Timbre
-8.8206154571884,1805.988817922838,24.091813441251812,3121.515076674884,1975.3327387742158,198.76802884615384,0.054280973970890045,Timbre
-20.209937004868998,3574.2303706124694,17.99485046810645,6631.801893760876,2511.863156755633,135.99917763157896,0.009653422981500626,Licuadora
-21.748078473722426,3637.496582741748,18.140256535976327,6737.694292887181,2553.3945978381603,151.99908088235293,0.007587206084281206,Licuadora
-23.166363062495545,1168.7176185918245,24.91439756183338,1366.359177874855,1074.5542765858222,129.19921875,0.07421030849218369,Timbre
-8.816690699742862,1807.8505352916045,24.155049045666956,3141.1247802167923,1974.7262994029331,198.76802884615384,0.05431487038731575,Timbre
-2.473290003016807,1455.3390079487633,19.89115755970423,2663.572292814675,1089.4139205001422,112.34714673913044,0.23576082289218903,Licuadora
-2.4725261025393874,1473.9640416436137,20.681880589324646,2688.87755356366,1082.1190801536632,123.046875,0.22296077013015747,Licuadora
-2.6785953758647705,1495.6733873261655,20.702584693597508,2720.0532351181846,1094.936236042511,112.34714673913044,0.22102028131484985,Licuadora
-19.869229068845485,3569.124573612277,17.974604617593144,6623.908051315981,2509.733476370562,117.45383522727273,0.009869015775620937,Licuadora
-19.862916534780258,3564.872089093026,18.027463845432706,6616.888526863399,2509.2608361993775,117.45383522727273,0.009883210994303226,Licuadora
-2.4721257945785333,1476.096306726798,20.633553114607388,2688.4029237964037,1086.1725359920001,112.34714673913044,0.2229440063238144,Licuadora
-11.227454490381263,4408.491632919378,17.746128075374934,8382.21149488834,3012.9694301381674,123.046875,0.046659279614686966,Licuadora
-24.868404702533486,2574.803698848214,25.339061254443234,3705.534515026827,1393.3828781206441,112.34714673913044,0.06792404502630234,Timbre
-23.06012675828674,1169.6995014340569,24.80776565654008,1363.0367695040604,1072.3741697130642,129.19921875,0.07553081214427948,Timbre
-22.40515597913535,1335.4187224798425,28.40788049756308,1863.7711739595418,915.2444473805614,112.34714673913044,0.11522901058197021,Timbre
-15.193476142270969,2182.861582413642,17.71866267857304,4858.610063805105,2508.8186607845346,129.19921875,0.02996274083852768,Licuadora
-19.15577515931353,3536.019823007749,17.76679566135106,6554.936851979408,2483.4493644431204,117.45383522727273,0.011141728609800339,Licuadora
-22.24227961149671,1647.6334095242498,27.663707020792742,2341.6983690726506,1065.1151022026843,112.34714673913044,0.11496235430240631,Timbre
-11.201479675937064,4374.342500379257,17.82836908726099,8355.956974604844,3012.6932359350903,123.046875,0.04550749808549881,Licuadora
-23.30884178726851,1148.1399322161863,24.836412770352585,1324.0421870468388,1054.8317449722258,129.19921875,0.07255200296640396,Timbre
-17.115961689170426,1588.079660532924,20.15449976504218,1997.20458984375,2179.321986337767,120.0,0.014832714572548866,Timbre
-22.717893426219327,1292.7546490142508,28.46597733715574,1796.248844438805,884.4237263641014,112.34714673913044,0.1051773652434349,Timbre
-15.807560522467872,4279.446076309743,17.38492502242521,8221.486867386891,3026.1174336687495,161.4990234375,0.03181592375040054,Licuadora
-23.279399926392113,1189.0106080612654,24.733553745123178,1399.9080082656612,1095.5985895887343,129.19921875,0.07412548363208771,Timbre
-8.699464778610611,1791.8990387203125,24.098811060671842,3079.1231443046695,1973.1906465581849,215.33203125,0.05422333627939224,Timbre
-23.100708327255685,1172.0720456482568,24.871916025545932,1371.754968913138,1078.1911145243896,129.19921875,0.07537838071584702,Timbre
-3.619682023910535,1589.5802355028939,18.422774250758614,3337.3716987202724,2158.432188268506,129.19921875,0.08819479495286942,Licuadora
-22.985065552856717,1184.3138855902846,24.861035457453145,1400.4076185469837,1089.3356667205696,129.19921875,0.0783374011516571,Timbre
-26.108742745509268,1473.9165175201906,23.33821074656483,2302.8286891857597,923.5657243095635,112.34714673913044,0.05926479771733284,Timbre
-23.13816017447947,1202.5811838243965,24.723600223095062,1419.2429261528423,1102.3961940038266,129.19921875,0.07643083482980728,Timbre
-3.4567897335683324,2696.431093329584,18.833630680759587,6246.352561720562,2807.7184079645444,112.34714673913044,0.08815445005893707,Licuadora
-2.5175960920331426,1473.6890574028878,20.659792904746347,2684.43102205989,1083.1875523337196,123.046875,0.22351300716400146,Licuadora
-22.594328025355637,1297.7100910448057,28.44259296028471,1804.992024361949,891.084232543751,112.34714673913044,0.10671591758728027,Timbre
-0.9311594366207208,1906.1396061007222,18.43730813627451,4810.322730115284,2531.599905988601,112.34714673913044,0.04787612333893776,Licuadora
1.0057696410475687,1306.1428294502036,18.070191680713194,2703.5660958345416,2068.16716541997,129.19921875,0.11060168594121933,Licuadora
-8.89927404281408,1755.3760033342905,24.033458461122507,2994.2393575079755,1959.5720994559072,198.76802884615384,0.05253696069121361,Timbre
-8.752952789031163,1797.641903363111,24.08262272790252,3117.518194424304,1973.2485661171766,198.76802884615384,0.054330360144376755,Timbre
-2.462117564145559,1459.4023710637866,19.958829842343395,2667.294389410528,1095.729314687169,112.34714673913044,0.23607943952083588,Licuadora
-23.5422652094424,1149.9242473420527,24.7888475990907,1321.718999238689,1063.847345129886,129.19921875,0.07035108655691147,Timbre
-8.888762655079894,1784.3033416004794,24.04790735310286,3084.2941107163574,1965.1201464408132,215.33203125,0.05387897044420242,Timbre
-9.357242616191972,2981.9297007075597,19.064510625607664,6749.060426787268,2862.5622023508536,123.046875,0.025134408846497536,Licuadora
-12.083501390707083,4356.662825010972,17.81998533571787,8379.213833200405,3024.584750818586,129.19921875,0.0424971804022789,Licuadora
-2.4898146227327387,1457.9498936759012,19.98659900253174,2664.6464549195184,1090.9713974721728,123.046875,0.23614265024662018,Licuadora
-44.30196012011625,633.2386599808298,16.061706699612756,1617.213500126885,832.1511140436869,129.19921875,0.0001418844040017575,Licuadora
-8.805403800828802,1770.0966142642835,24.161125541747577,3019.569598771027,1956.9298374787547,117.45383522727273,0.05369361490011215,Timbre
-8.634695153434258,3106.0906251815722,19.57936854529551,6918.15352650087,2902.092383367658,123.046875,0.02743927203118801,Licuadora
-22.944252013502208,1208.5964770855185,24.747922236280502,1445.5474074644721,1108.3119782321467,129.19921875,0.07804334908723831,Timbre
-24.39883314053791,2719.843715168218,25.285167599691896,3937.9282373839906,1434.5937370989789,112.34714673913044,0.0869649350643158,Timbre
-8.788791222352557,1788.7429600940804,24.196950932777124,3106.301943608614,1967.8547700375111,215.33203125,0.05440660938620567,Timbre
-18.55854591952655,3499.637910961059,17.74589819469139,6536.726057225203,2482.3164419971554,117.45383522727273,0.011401860043406487,Licuadora
-8.349928250184748,2717.622456762648,18.4558131613702,6389.640790403857,2800.2479721813984,107.666015625,0.03448577597737312,Licuadora
-20.673592080237867,1401.2658914417802,28.81082683352825,1999.590228937065,904.5796618000094,112.34714673913044,0.1481235772371292,Timbre
-8.796778658119637,1776.399174156456,24.042477874049364,3062.261297310035,1968.516781486541,198.76802884615384,0.05344972014427185,Timbre
-8.81441109266892,1758.63309250978,24.170282442765977,3024.8654677530453,1958.301470252024,215.33203125,0.05349522456526756,Timbre
-17.996434549508557,3497.1797933597722,17.639265070248516,6497.7064942539155,2464.7510113288627,123.046875,0.01229279488325119,Licuadora
-8.733682985181174,1795.3721856065004,24.130174767019756,3133.1559962296983,1973.3196182929362,198.76802884615384,0.05448279157280922,Timbre
-6.407291387078446,2690.565015755033,19.7245216588028,6396.435490229844,2817.101040519912,117.45383522727273,0.04931265860795975,Licuadora
-22.3920828990368,1337.8954449919863,28.325231703058435,1868.6923352305685,917.3623372318101,112.34714673913044,0.11570420861244202,Timbre
-21.78251971942086,1351.3999205379139,28.14399651909202,1892.9733949028423,941.9685523333367,112.34714673913044,0.1205383762717247,Timbre
-23.355423942145016,1150.5503518634514,24.86191226231379,1325.0414076094837,1060.841193863313,129.19921875,0.07238948345184326,Timbre
-2.455662533630692,1474.6725076873156,20.624541942292975,2692.324864504785,1089.8902129903067,112.34714673913044,0.22319340705871582,Licuadora
-21.4530332225511,1706.2840405176282,27.627609026227244,2432.7023818155453,1064.1993503773347,112.34714673913044,0.13093040883541107,Timbre
-8.872925494411911,1747.639616716737,24.098059816974978,2991.941150213892,1955.8695730004588,198.76802884615384,0.05278356745839119,Timbre
-2.4688154642401345,1457.7549712355237,20.04611912110922,2671.6409988580335,1089.9668613475003,107.666015625,0.23599183559417725,Licuadora
-2.992281181098556,2832.0715076351144,18.775624047476757,6627.130537630511,2885.7041387188415,123.046875,0.10887277126312256,Licuadora
-20.231613850518606,3573.351681400192,17.988108061706512,6631.701971704611,2513.2621459853262,117.45383522727273,0.009637821465730667,Licuadora
-2.4982152738244965,1457.6238758768498,19.896863126525673,2665.520772911833,1090.9501146781295,123.046875,0.23585763573646545,Licuadora
-8.878128499516482,1806.0999483644093,24.13380378488416,3135.7789502066416,1977.581817301364,198.76802884615384,0.05339370667934418,Timbre
-19.110304034798055,3535.9430704716005,17.80798434589155,6579.392775250145,2495.5558810340417,117.45383522727273,0.010600196197628975,Licuadora
-8.930664306529899,1783.0761862359138,24.097131539641317,3065.1590369417054,1969.6006873588965,198.76802884615384,0.053135864436626434,Timbre
-19.836134355366273,3572.5352320026977,18.0057333051458,6631.427186049884,2511.380315752703,117.45383522727273,0.009897078387439251,Licuadora
-23.00734894049885,1211.9992178821485,24.737993786146422,1444.8729335846867,1114.6750621293152,129.19921875,0.07755547016859055,Timbre
-22.64322694179898,1273.6726231986572,27.119664329880308,1842.9374252283933,836.3528335836031,112.34714673913044,0.11329247802495956,Timbre
-2.456710475995736,1473.6711556860328,20.610574580546572,2687.7784109447507,1085.4586411468217,112.34714673913044,0.22348961234092712,Licuadora
-22.502388725289716,1350.8554569095318,28.17912899199727,1884.2801760078307,941.8368535221415,112.34714673913044,0.11426889151334763,Timbre
-24.096664009362875,1457.0597535810064,25.714687594512103,2164.511582801624,929.8642010040271,112.34714673913044,0.0837591364979744,Timbre
-11.11979163659691,1072.9432316998057,22.519276365029697,1108.9599609375,1610.5501344801542,120.0,0.026114068925380707,Timbre
-20.482212421032994,3563.477682170049,18.168753414209196,6636.348347320911,2520.0223340688385,117.45383522727273,0.009139450266957283,Licuadora
-6.0249322045452995,3266.5675591683166,20.083505481853674,7061.591638268562,2920.7183107224923,117.45383522727273,0.03485475480556488,Licuadora
-23.383760235491398,1150.9476936802835,24.860984935315994,1332.9602305684455,1061.4498541594676,129.19921875,0.07204940915107727,Timbre
-11.21210601425008,4403.223298417888,17.726564412306427,8374.692360154437,3010.9507047570837,123.046875,0.046795882284641266,Licuadora
-23.421370864304162,1400.6742164718091,24.392514631476224,2126.965870160238,897.0429504564379,112.34714673913044,0.10359103977680206,Timbre
-2.533463988868988,1458.0561443559216,19.92013885337952,2662.9727604770883,1092.7832480414029,123.046875,0.23631981015205383,Licuadora
-21.66167230890683,1882.6518214758944,27.209581655848964,2702.991544011021,1143.5783068866594,112.34714673913044,0.128661647439003,Timbre
-20.902619445002188,1249.7856642933493,25.983326657062392,1838.3410106402262,827.3525998363506,112.34714673913044,0.15206049382686615,Timbre
-23.36037231252787,1149.1592225026895,24.791756693154984,1324.0172065327727,1058.695546893752,129.19921875,0.0719757154583931,Timbre
-11.824641448607526,4390.162489523806,17.702053160298842,8380.238034277118,3017.664955586272,135.99917763157896,0.043064992874860764,Licuadora
-23.15986742808875,1167.1415401808165,24.88663222859292,1361.2131919772332,1071.9229884252836,129.19921875,0.07411039620637894,Timbre
-22.971297184964087,1315.719028002834,28.04383860177297,1824.2769812209976,930.9017743357211,112.34714673913044,0.10257527977228165,Timbre
-1.6858592986448904,2827.0429814077,18.649261106740692,6398.608794953596,2791.4558534477014,123.046875,0.10518237203359604,Licuadora
-21.99913932358406,3642.2271389143602,18.186948871151003,6753.257153150377,2558.852556221967,112.34714673913044,0.007310322020202875,Licuadora
-22.82148041356347,1252.3468526549257,24.75665746381262,1871.3402697215777,824.1758683441196,112.34714673913044,0.11272568255662918,Timbre
-22.93266260127698,1298.7062248226227,28.20459990026467,1804.2925699680975,917.9241432644712,112.34714673913044,0.0986093059182167,Timbre
-20.235246741941406,3570.056017013219,17.945181609994922,6624.332720055105,2511.7263519355824,143.5546875,0.009646525606513023,Licuadora
-22.872330320859373,1296.0540771670987,28.149772593689068,1797.1731234592517,921.1610871812134,112.34714673913044,0.09812592715024948,Timbre
-22.89110720840611,1209.429000064249,24.771244202507415,1440.4264020809164,1106.5695748966862,129.19921875,0.07875771075487137,Timbre
-23.425731399656495,1179.5341629377983,24.697773073252588,1377.750292289008,1087.8815931653394,129.19921875,0.0713389441370964,Timbre
-20.224686336606837,3576.304063168472,17.99487903191607,6634.175042597158,2514.30923196008,143.5546875,0.009636735543608665,Licuadora
-22.806525148385884,1318.8257675008388,28.072716278653537,1835.5681735788862,932.1504804435202,112.34714673913044,0.10283906757831573,Timbre
-22.820772446130007,1288.87042225867,28.340657535876595,1796.5985716357309,891.0850753868323,112.34714673913044,0.10087019950151443,Timbre
-2.4704594381619915,1474.9558848966433,20.606849210818876,2686.6293072977087,1086.0427758170447,123.046875,0.2233426868915558,Licuadora
-2.4840598028506244,1458.8871833861042,19.910197142530553,2667.119525812065,1094.0562294160923,117.45383522727273,0.23631882667541504,Licuadora
-8.745258240161975,1791.024319527856,24.124344954439284,3081.3464100565543,1973.5889138655602,215.33203125,0.05437600985169411,Timbre
-8.89344066312846,1806.0597783171586,24.09185696108954,3116.76877900232,1977.5238964685454,198.76802884615384,0.05388255417346954,Timbre
-20.769092233279235,3583.2821666293567,18.174104209355605,6678.040825297274,2533.817160517081,151.99908088235293,0.008637797087430954,Licuadora
-8.678282145710506,1795.8450994657508,24.04672780580746,3107.950657536978,1969.3695233980104,215.33203125,0.05457470566034317,Timbre
-11.443311482984017,4405.576893188345,17.67005327531136,8400.022601417488,3013.965573506928,129.19921875,0.04601648449897766,Licuadora
-8.775100142762872,1764.5172967761487,24.22310247063753,3019.894345453886,1958.8456317399884,198.76802884615384,0.053736571222543716,Timbre
-12.011952211753181,4355.481173593407,17.83318799349689,8363.52607036688,3023.6628889705194,129.19921875,0.042338963598012924,Licuadora
-20.633027216508644,1505.7493348634594,28.179196002726187,2157.916727088167,1014.4662629102017,112.34714673913044,0.14725163578987122,Timbre
-23.244440845002632,1188.975345948884,24.704397142677948,1397.9095671403713,1096.449369905365,129.19921875,0.07488015294075012,Timbre
-8.680859461387927,1786.4185098249843,24.127879597227587,3067.2324196091936,1963.6481791099964,215.33203125,0.05447609722614288,Timbre
-8.917633185609931,1776.3984380155161,24.07889357252466,3051.6695593459976,1969.7902433934155,215.33203125,0.05226445198059082,Timbre
-2.51730466169386,1456.8919945289126,20.04818016432658,2666.519993474478,1089.7263387837775,112.34714673913044,0.2359088808298111,Licuadora
-8.258253214384476,3454.6555380205155,19.686289957578484,7308.149312101218,2956.8273335359613,123.046875,0.02898280695080757,Licuadora
-11.713928321797086,4384.669249777729,17.723031633167558,8367.872679814385,3014.501826957121,129.19921875,0.04318546503782272,Licuadora
-20.20390854555404,3576.728016902709,17.954601365504395,6638.421729988399,2515.501452889047,143.5546875,0.009651378728449345,Licuadora
-8.802826784125804,1777.9667890386975,24.106099431714046,3056.94044781395,1961.6693753005209,198.76802884615384,0.05426334589719772,Timbre
-23.27038968355664,1148.0181664801025,24.75325913072615,1323.5675572795824,1055.0113047403545,129.19921875,0.07288428395986557,Timbre
-20.499706487033425,1483.5566229449614,28.357640019857673,2121.9697673470127,1007.2123838950538,112.34714673913044,0.1472829282283783,Timbre
-12.072128846083265,4357.004715882399,17.724446785666256,8369.421471686484,3023.2365253827743,129.19921875,0.042146023362874985,Licuadora
-20.954620430142278,3606.4341028925073,18.221497927997234,6682.812103483904,2530.7506378988155,117.45383522727273,0.00888759270310402,Licuadora
-22.89396445628023,2459.432180784053,16.545688117551954,5501.658456895301,2650.4404386296023,129.19921875,0.005434498656541109,Licuadora
-2.48692026693889,1475.8184094535595,20.651709146556524,2689.1523392183876,1087.6288173515318,112.34714673913044,0.22338366508483887,Licuadora
-22.80803459064454,1288.361788096767,28.343663388922746,1796.8733572904582,892.144955383741,112.34714673913044,0.10053534060716629,Timbre
-8.678301777348166,1785.2594140996005,24.190546303250247,3071.903775739559,1969.0061480466957,215.33203125,0.054678212851285934,Timbre
-8.804911289031516,1788.4840061448956,24.104680006138846,3086.1176882431846,1969.3177048763241,198.76802884615384,0.054327480494976044,Timbre
-3.6523421083066223,2877.6747873987388,18.781178896659046,6627.605167397767,2878.891104260412,117.45383522727273,0.06968522816896439,Licuadora
-23.048073996004558,1208.325707200751,24.712408671568852,1440.101655398057,1111.7773880227753,129.19921875,0.07702173292636871,Timbre
-21.297967903475485,2217.1117528853806,16.670351100963916,4953.6609198267115,2512.2502565518253,123.046875,0.008484200574457645,Licuadora
-22.023367109184672,3653.1786707174983,18.442933646871094,6759.4023596106435,2556.694870084782,151.99908088235293,0.007445482537150383,Licuadora
-11.122352570857121,4387.310655225398,19.98477893088843,8419.482421875,3029.055919098665,120.0,0.039976365864276886,Licuadora
-21.892806436781882,1340.002538851031,28.370857118407702,1885.3293575986079,909.9672395365938,112.34714673913044,0.11914968490600586,Timbre
-2.51777715622061,1473.4955114518943,20.69881582781105,2684.43102205989,1086.724192937011,107.666015625,0.22321717441082,Licuadora
-22.995026162437224,1172.7521465472425,24.796289540479872,1365.2600352559455,1078.4659747554317,129.19921875,0.07629205286502838,Timbre
-22.956886892589843,2402.134057713594,16.735379794114444,5462.738815980279,2655.71612247706,112.34714673913044,0.0046434965915977955,Licuadora
-23.442433477662323,1148.4144501316198,24.780298904413222,1322.3435120903423,1057.4315817608908,129.19921875,0.07109913229942322,Timbre
-24.74527401488944,3431.7549118569063,23.678494868564115,4997.176975329901,1720.837118676553,112.34714673913044,0.07625334709882736,Timbre
-8.952038256866587,1787.3786606780316,24.011047340709446,3073.1278209287993,1970.0031924213088,198.76802884615384,0.052187878638505936,Timbre
-19.351086299487605,3553.5887961968683,17.771478447147043,6571.049283552059,2486.5108198855423,117.45383522727273,0.010891166515648365,Licuadora
-2.540469331194562,1456.9950591574975,20.091635244688295,2663.79711744127,1088.5663646806086,112.34714673913044,0.2361757904291153,Licuadora
-23.434844736438475,1175.1890017840608,24.74348488469764,1370.955592463022,1080.6776702138925,129.19921875,0.07107630372047424,Timbre
-22.865088846686707,1204.88935091529,24.80687323641016,1436.6543444569315,1099.26884061741,129.19921875,0.07956516742706299,Timbre
-5.20446257454652,3205.279301076112,20.40084101924094,6960.5454588710845,2881.7992632155697,117.45383522727273,0.04191368445754051,Licuadora
-8.64040706091708,1788.2340101380698,24.24065399053984,3086.492395954176,1964.442813156231,215.33203125,0.0547422431409359,Timbre
-20.10872656295131,3575.8405855558703,18.211000921123144,6646.21565037703,2516.7639422235743,129.19921875,0.009677637368440628,Licuadora
-24.87904688802825,2793.851276285403,24.87388194843365,4027.733185451711,1479.7064844573001,112.34714673913044,0.07180154323577881,Timbre
-19.824010436770347,3572.9306483676423,17.975058083731728,6633.025938950116,2514.6737318413157,117.45383522727273,0.00987603235989809,Licuadora
-11.387503479528474,4412.569058612241,17.688390860657986,8396.450387906032,3014.1781838054017,123.046875,0.04657309129834175,Licuadora
-11.216436282630154,4372.401508475362,17.820974399626913,8354.832851471867,3012.416338841189,123.046875,0.045432571321725845,Licuadora
-22.688081593107565,2191.9737126029463,16.612340895331652,5050.76017800174,2555.5232180916723,129.19921875,0.0041741300374269485,Licuadora
-22.588626171888443,1342.6891058323718,28.17948694776969,1864.195842698666,948.808693537563,112.34714673913044,0.11000864952802658,Timbre
-23.345467867605883,1187.3903901671893,24.7393665026504,1399.1835733577436,1093.641519537609,129.19921875,0.07335541397333145,Timbre
-18.13459680787145,3499.015154519168,17.649212214569772,6504.25138893924,2464.3785573303517,123.046875,0.012211421504616737,Licuadora
-23.00395392172062,1170.6835453445635,24.7786302175257,1365.2600352559455,1072.6017873896155,129.19921875,0.07609228044748306,Timbre
-2.4808874705458233,1474.4700867476674,20.62922291647249,2687.253820149362,1086.118091562266,112.34714673913044,0.22313015162944794,Licuadora
-19.80651575540215,3574.437195388278,18.084005970053575,6637.647334052349,2513.623124675646,117.45383522727273,0.009852046146988869,Licuadora
-11.537845587237026,4386.3592806027455,17.58346633852859,8360.728252791474,3010.9925522282156,129.19921875,0.04437080770730972,Licuadora
-21.47713844260396,1365.776839020219,28.4654232055535,1918.5034802784223,918.4467037264109,112.34714673913044,0.13129404187202454,Timbre
-2.5062826566636978,1474.8643191539475,20.665298521172943,2686.3545216429816,1085.430176219612,107.666015625,0.2230541855096817,Licuadora
-2.531717339958314,1455.957837351317,19.972261496307922,2663.3974292162125,1088.7134209339977,112.34714673913044,0.23609694838523865,Licuadora
-17.959215785248567,3495.731829408271,17.642860001804713,6497.48166962732,2462.430820087563,117.45383522727273,0.012280862778425217,Licuadora
-19.769388778338776,3564.7965018295936,18.001417622478623,6618.537240791763,2510.6782904513398,117.45383522727273,0.00988458190113306,Licuadora
-8.739407817180108,1798.4275820160815,24.11547290897934,3115.969402552204,1975.5185339509162,198.76802884615384,0.054234448820352554,Timbre
-8.86872041665176,1759.90679697906,24.13195965954522,3013.199567684165,1957.7996249658017,198.76802884615384,0.052594806998968124,Timbre
-8.896983123357789,1773.0171377205515,24.154811469260952,3049.1715079393853,1961.5629273129603,198.76802884615384,0.05436565726995468,Timbre
-2.46821479491213,1455.6037509887092,19.87142201366356,2662.747935850493,1091.2521614999291,129.19921875,0.23677290976047516,Licuadora
-20.345840674499975,3556.9811216526386,18.126191581339413,6626.181278095998,2515.4890243645555,143.5546875,0.009363229386508465,Licuadora
-21.467327236653507,3608.4192366453603,18.250669589866845,6697.15091855786,2538.4691820479247,143.5546875,0.007827691733837128,Licuadora
-23.560233948876448,1157.746071053419,24.795674342007164,1338.5808462333237,1076.4993877740053,129.19921875,0.06934397667646408,Timbre
-19.841881597825743,3569.6284691893825,17.99665117159303,6635.074341103538,2513.851967324455,117.45383522727273,0.00989809725433588,Licuadora
-8.741385977007058,1767.652539836582,24.257358875124748,3022.667182515226,1954.5811763141949,198.76802884615384,0.05445266142487526,Timbre
-20.73574145346122,1612.0630195033439,28.048193934610005,2311.27210294011,1042.3609256951665,112.34714673913044,0.14723104238510132,Timbre
-23.13861437974991,1198.609810976254,24.67804859602448,1414.046979227088,1102.2984513118886,129.19921875,0.07622179388999939,Timbre
-8.775092750380274,1802.465735038466,24.05073950551577,3135.104476326856,1978.9854625322723,198.76802884615384,0.054115258157253265,Timbre
-22.95916134218187,1173.4994364663885,24.819692876345886,1362.786964363399,1078.1929484761818,129.19921875,0.07704882323741913,Timbre
-8.639676331422976,3184.0006894015855,18.75260179869609,7038.8343899543215,2935.917470971796,129.19921875,0.023344602435827255,Licuadora
-18.250820188960116,3508.991312736102,17.74154091351279,6527.932916273927,2474.293916738198,117.45383522727273,0.01192608755081892,Licuadora
-19.86879717593386,3568.5666103369726,18.07933129448866,6622.159415331352,2510.187151239489,112.34714673913044,0.009878911077976227,Licuadora
-23.426834657232416,1150.866318510503,24.748269981601773,1323.1678690545243,1062.8805580455207,129.19921875,0.07117553800344467,Timbre
-11.56926043818918,4381.963984387055,17.852093000719538,8360.028798397621,3011.036187418362,123.046875,0.044141985476017,Licuadora
-2.461070234085226,1474.2780602204532,20.653070526972922,2684.406041545824,1085.8357413872761,112.34714673913044,0.22361093759536743,Licuadora
-2.5281402498964205,1457.659427763296,19.823837607964176,2669.2678500217517,1092.7191289337813,129.19921875,0.23626264929771423,Licuadora
-8.787483084054754,1751.410472334099,24.154905510834958,2992.715546149942,1948.0219570401905,198.76802884615384,0.05420493707060814,Timbre
-11.847670702199471,4393.035310859315,17.671278167940066,8380.887527642837,3010.658468400944,123.046875,0.04354974627494812,Licuadora
-3.093100760131917,2848.0358132461415,18.784276227715125,6487.914132739994,2826.5790330762597,123.046875,0.10483941435813904,Licuadora
-20.82603229779517,3624.1829968751063,18.222105222305146,6719.808244815836,2539.93315499371,117.45383522727273,0.009146650321781635,Licuadora
-11.969623732354787,4351.940130039149,17.62040251604177,8354.832851471867,3022.3028056369526,129.19921875,0.04244418442249298,Licuadora
-11.292474384479316,4409.397435813953,17.777340882172652,8387.207597701567,3012.8274072087856,123.046875,0.046708300709724426,Licuadora
-2.5157492290396015,1477.363760647555,20.65936424871023,2690.8260336608178,1086.2477327587128,117.45383522727273,0.2227979451417923,Licuadora
-23.21368305028734,1192.089086276535,24.746691995672144,1401.3818585955626,1096.2960676180835,129.19921875,0.07571128010749817,Timbre
-12.749922212817284,4266.613676269259,17.5995051044723,8274.920186974334,3021.3523924775604,129.19921875,0.037987083196640015,Licuadora
-2.521060287286643,1475.4133703063253,20.54776715151172,2686.479424213312,1085.7030195030125,112.34714673913044,0.22327293455600739,Licuadora
-8.775577897325986,1799.6711932607034,24.106578128258715,3109.0248196418215,1972.6650558932354,198.76802884615384,0.05440250784158707,Timbre
-19.81859888273657,3574.722022690621,17.978270127352385,6631.976757359339,2511.5760910909407,117.45383522727273,0.00990283489227295,Licuadora
-8.930216990688393,1754.3639763259234,24.0604521231759,3013.7741195076856,1955.711392746461,198.76802884615384,0.05249859020113945,Timbre
-12.192526661875235,4370.409442699036,17.87317755281049,8392.078797944461,3021.2745712223445,129.19921875,0.042791374027729034,Licuadora
-23.285828561936967,1187.8548109715578,24.721037798714672,1399.9579692937934,1095.3158999346083,129.19921875,0.0742754191160202,Timbre
-8.818532723965482,1767.894040280621,24.18450779652437,3037.630510440835,1957.738253893687,198.76802884615384,0.05392995849251747,Timbre
-19.934111525881654,3553.2855622463258,17.679688831886224,6592.83229181772,2498.165333279635,117.45383522727273,0.01001939456909895,Licuadora
-19.707093754803928,3585.000406619696,17.894869989336055,6640.520093169954,2511.2642497900115,117.45383522727273,0.010159729048609734,Licuadora
2.165051615826571,1536.699784844976,21.606695598861414,2901.59912109375,1483.5826152184336,120.0,0.24256299436092377,Licuadora
-19.974639556749494,3566.137181254188,17.74362873680306,6603.723795950551,2505.294263977969,123.046875,0.00984757486730814,Licuadora
-20.13871070084539,3588.356109059072,18.214910143669876,6671.246125471288,2526.703537852928,117.45383522727273,0.009456736035645008,Licuadora
-12.155579115165517,4400.7175279000585,17.653292166298343,8400.472250670678,3021.9787851674655,129.19921875,0.04409671574831009,Licuadora
-23.51465374880027,1150.9600914183197,24.8216042909738,1321.718999238689,1064.7262572121856,129.19921875,0.0706980749964714,Timbre
-2.476542863699802,1474.7641444956691,20.631350795365623,2690.601209034223,1086.9508532639547,117.45383522727273,0.2230653017759323,Licuadora
-20.911672844299165,1376.012133957429,28.45543934183633,1946.7564416872099,937.9133004522042,112.34714673913044,0.140226349234581,Timbre
-5.234136377378635,3183.8625850415647,18.589626837518356,7179.899352885731,2982.582221488126,129.19921875,0.0706440806388855,Licuadora
-8.593058671795896,3397.2995239451825,19.19804787580336,7257.91349831424,2949.478731411214,129.19921875,0.021358750760555267,Licuadora
-12.135986594223064,4359.1268084159865,17.739357824483992,8381.686904092952,3019.905638134319,129.19921875,0.042584460228681564,Licuadora
-12.20660258867307,4400.456941470143,17.582848483587416,8404.519093949391,3022.6656863959365,129.19921875,0.043993327766656876,Licuadora
-17.97431044942133,3499.511732309429,17.518858701228467,6502.327889356148,2464.5631679426265,123.046875,0.012275228276848793,Licuadora
-22.31019592408076,1701.5006458822427,26.52504463057802,2543.36605912848,1063.067957376689,112.34714673913044,0.11579928547143936,Timbre
-23.569076325723948,1152.06447671894,24.827641542622292,1323.1678690545243,1068.5378338202095,129.19921875,0.06965155154466629,Timbre
-8.768883048710927,1801.7179617153135,24.0199672084416,3125.886666636456,1976.341783209677,198.76802884615384,0.05418327450752258,Timbre
-18.596748997707074,3527.3608222765006,17.760887422670333,6551.864248749275,2483.490527562313,117.45383522727273,0.011690299957990646,Licuadora
-21.461781915933628,3616.4710682177465,18.17418126756611,6686.609141621955,2531.8523219817716,117.45383522727273,0.008366863243281841,Licuadora
-17.968795891316628,3497.6718960150115,17.571697381353264,6495.308364903567,2463.2888155716755,123.046875,0.012273007072508335,Licuadora
-2.472220727153837,1457.6351010186454,19.842802623352185,2665.8455195946926,1092.8214552322108,123.046875,0.23609785735607147,Licuadora
-12.024366832400764,4399.369576423299,17.58009904551856,8398.27396543286,3020.368053782394,129.19921875,0.04467987269163132,Licuadora
-2.541248324600901,1475.1303712993022,20.683677621076576,2689.252261274652,1085.501250897589,117.45383522727273,0.2226753681898117,Licuadora
-12.08588378332639,4354.698650441585,17.696898558417583,8377.989788011166,3023.344105411732,129.19921875,0.04257804900407791,Licuadora
-23.221097017622988,1188.3670201287464,24.7377402430534,1394.3623341429814,1093.2293501267684,129.19921875,0.07553718984127045,Timbre
-20.191836628487156,3567.8311478474993,17.961097174499383,6618.412338221433,2510.6835124906047,117.45383522727273,0.009674393571913242,Licuadora
-8.811168020818162,1750.526387572495,24.082119121787184,2977.202646914878,1948.3549465349163,198.76802884615384,0.05411508306860924,Timbre
-11.339773003390059,4372.0789242355595,17.755595710703894,8358.654870123984,3015.4649918505706,129.19921875,0.044937439262866974,Licuadora
-2.49477537705927,1475.5732119941686,20.60110049378193,2687.228839635296,1086.5985313574636,107.666015625,0.22355812788009644,Licuadora
-12.114918471406506,4358.43993474741,17.646194779687512,8371.669717952436,3024.888394446351,135.99917763157896,0.04215334355831146,Licuadora
-18.726564269536297,2209.965865395932,17.39620434877735,5359.594273401247,2668.1060137253944,129.19921875,0.007152840960770845,Licuadora
-17.96100025204893,3498.2961422061826,17.55083462328979,6501.878240102958,2464.8388884526244,123.046875,0.012253242544829845,Licuadora
-8.912316317068427,1743.7177385542782,24.157973075615516,2972.8560374673725,1950.8087745788257,198.76802884615384,0.05301910638809204,Timbre
-2.4990594079954107,1476.2091028060254,20.74123183618509,2690.900975203016,1084.4199283135965,107.666015625,0.22273336350917816,Licuadora
-18.208557479817923,1527.5711553346791,28.590763367201816,2221.46715487239,1020.2616998625439,112.34714673913044,0.19621850550174713,Timbre
-2.4359171063907628,1474.687142919269,20.605633376439265,2685.5301646787993,1086.639278509367,107.666015625,0.22324535250663757,Licuadora
-11.952828326689577,4350.8556793116595,17.78590928896358,8353.383981656032,3021.8555720397853,129.19921875,0.04247672110795975,Licuadora
-19.78282660662297,3572.557731386984,18.04710397743943,6637.022821200696,2515.6816844335667,117.45383522727273,0.00989594403654337,Licuadora
-20.99215839394366,1924.802769452387,27.296868927375794,2788.150116462442,1186.4535442113522,112.34714673913044,0.14435963332653046,Timbre
-12.091202631850155,4396.002993256594,17.834877815873615,8398.298945946926,3021.2608296018884,129.19921875,0.04432617500424385,Licuadora
-21.331566056549224,2295.9349093353553,26.721323260445264,3341.19371737239,1296.3692908072364,112.34714673913044,0.1415250450372696,Timbre
-8.841054001245558,1776.0692160977478,24.148873415022507,3050.520455698956,1965.8633797760033,215.33203125,0.05385850742459297,Timbre
-22.763913226870443,1193.9611472876877,24.827707691930268,1424.2640094801334,1094.4225144945517,129.19921875,0.07944780588150024,Timbre
-21.922339238593157,3655.462943461741,18.26164973351812,6758.003450822941,2554.97936816826,117.45383522727273,0.0076012699864804745,Licuadora
-23.506174380210453,1149.819655007807,24.74369372913564,1322.493395174739,1062.8807001418254,129.19921875,0.07042405754327774,Timbre
-18.688084963940554,3519.6041526176846,17.73008190160896,6562.480967227379,2487.747993226699,123.046875,0.01113130897283554,Licuadora
-23.587976149726863,1152.733073205215,24.83272350848659,1329.9126078523782,1069.5212589077005,129.19921875,0.07009191066026688,Timbre
-8.692865689039824,1784.417582624785,24.233669467886326,3072.4033860208815,1965.3996307354932,215.33203125,0.054406821727752686,Timbre
-4.156718528950518,2766.657517105465,18.707962085357703,6595.954856075986,2878.6841277879757,129.19921875,0.07951048761606216,Licuadora
-6.049357136394246,2549.6659085885813,19.23568772113836,6172.560123169229,2810.903927835156,112.34714673913044,0.07632830739021301,Licuadora
-12.80371817532986,4283.7532772579425,17.71638119560275,8316.063093641242,3022.113385261707,161.4990234375,0.03826843202114105,Licuadora
-22.581476802502905,3251.2819370115444,24.360914245727702,4735.506090487239,1641.900580014835,112.34714673913044,0.1150585263967514,Timbre
-20.952387920171184,1422.8478222788729,28.505321835489625,2023.4216393561485,943.2685892329434,112.34714673913044,0.14310212433338165,Timbre
-20.28815016415292,3572.3820137195407,18.042802609355405,6627.854972538428,2513.100151369497,143.5546875,0.009630772285163403,Licuadora
-5.481472893011771,2880.1740003666027,18.886734357790584,6643.742579484484,2876.1639954398306,129.19921875,0.06691757589578629,Licuadora
-11.372986726847973,4372.02718526827,17.71587362587694,8371.64473743837,3013.830031585109,123.046875,0.044567808508872986,Licuadora
-0.34850443869122855,1432.7939765147337,18.11984091315685,3166.180235825116,2136.626586549903,112.34714673913044,0.07425142824649811,Licuadora
-12.844124311385887,4312.926019865138,17.554442860243245,8315.738346958382,3029.2308466041113,161.4990234375,0.038908496499061584,Licuadora
-8.895304486327866,1759.1281921734133,24.143253952814415,3008.028601272477,1958.5527505877144,215.33203125,0.05281839892268181,Timbre
-2.57247681664768,2828.2160799016774,18.877390692883363,6573.022744163283,2871.0243659687294,123.046875,0.11918617784976959,Licuadora
-11.799418150140315,4385.731766448887,17.747317002975002,8375.841463801478,3014.91715152574,129.19921875,0.04309503361582756,Licuadora
