Year,Country,Civil_justice,Freedom_of_association,Freedom_of_expression,Same_sex_relationships,Personal_Freedom,Economic_Freedom,Human_Freedom
2016,Albania,4.547243777,10.0,8.607142857000001,10.0,7.596280576,7.54,7.5681402879999995
2016,Argentina,5.791960457,7.5,8.738095238,10.0,8.099695682,4.84,6.469847841
2016,Australia,7.525648147999999,10.0,9.392857142999999,10.0,9.184438453,7.98,8.582219227000001
2016,Austria,7.872187541000001,10.0,9.333333332999999,10.0,9.246948401000001,7.58,8.4134742
2016,Bangladesh,3.712170787,5.0,7.041990115,5.0,5.302600358,6.3,5.801300179
2016,Belarus,5.93458709,2.5,5.80952381,10.0,6.059028163,6.23,6.144514082000001
2016,Belgium,7.343871578,10.0,9.75,10.0,8.987178587,7.32,8.153589293
2016,Bolivia,3.361330728,7.5,8.416666667000001,10.0,7.206770015,6.23,6.718385007
2016,Bosnia and Herzegovina,4.995851416,10.0,8.654761905,10.0,7.861447145,6.6,7.2307235720000005
2016,Brazil,5.288790786,10.0,8.341230646,10.0,6.6659774060000005,5.75,6.207988703
2016,Bulgaria,5.631896601,10.0,8.821428571,10.0,8.155539077,7.41,7.782769537999999
2016,Burkina Faso,4.884167401,7.5,7.738095238,10.0,7.45533967,6.05,6.752669835
2016,Cambodia,1.9836264190000001,10.0,7.892857143,10.0,7.238448286000001,7.17,7.204224142999999
2016,Cameroon,3.695062965,7.5,6.998575821,0.0,5.330774311,5.82,5.575387155
2016,Canada,7.181645789,10.0,9.511904762,10.0,9.151726642,7.98,8.565863321
2016,Chile,6.291439181,10.0,9.154761905,10.0,8.216035341,7.8,8.00801767
2016,China,5.380301922999999,2.5,5.174910149,10.0,5.350820339,6.46,5.905410169
2016,Colombia,4.874352955,10.0,8.452380952,10.0,7.021513272999999,6.5,6.760756637
2016,Costa Rica,6.26707064,10.0,9.595238095,10.0,8.165428969,7.55,7.857714484
2016,Cote d'Ivoire,5.187529626,10.0,8.654761905,10.0,7.062542047999999,6.0,6.531271024
2016,Croatia,5.732319144,10.0,8.607142857000001,10.0,8.456175752,6.96,7.7080878760000004
2016,Czech Rep.,7.237187747999999,10.0,9.523809523999999,10.0,9.029761414,7.56,8.294880707
2016,Denmark,8.619285892999999,10.0,9.69047619,10.0,9.325639969,7.77,8.547819985
2016,Dominican Rep.,4.544210882,7.5,8.869047619,10.0,6.942574962,7.18,7.061287481
2016,Ecuador,4.596151896,7.5,7.94047619,10.0,7.550555359,6.06,6.80527768
2016,Egypt,3.76325715,5.0,6.46009916,0.0,3.894553773,5.72,4.807276886
2016,El Salvador,4.977861238,7.5,7.452380952,10.0,6.917901981,7.15,7.033950991
2016,Estonia,7.847470597,10.0,9.619047619,10.0,9.013701218,7.86,8.436850609
2016,Ethiopia,3.8968949289999997,0.0,5.252983157,0.0,5.064089941000001,5.73,5.397044971000001
2016,Finland,7.955567929,10.0,9.666666667000001,10.0,9.294367917,7.65,8.472183957999999
2016,France,7.021793985,10.0,9.25,10.0,8.766802927,7.25,8.008401464
2016,Georgia,5.4326117410000005,10.0,8.630952381,10.0,7.576535507000001,8.02,7.798267752999999
2016,Germany,8.542968414,10.0,9.357142857000001,10.0,9.235191378,7.69,8.462595689
2016,Ghana,6.2438979429999995,7.5,8.75,5.0,7.872177815,6.6,7.236088907999999
2016,Greece,5.682751134,10.0,8.738095238,10.0,7.94676815,6.46,7.203384075
2016,Guatemala,3.4695437489999996,7.5,7.459933562000001,10.0,6.548245982,7.64,7.094122991
2016,Honduras,4.053457184,7.5,7.964285714,10.0,6.3864825970000005,7.06,6.723241298
2016,Hong Kong,7.724473108,7.5,8.666666667000001,10.0,8.583679591000001,8.97,8.776839796
2016,Hungary,5.013990323,10.0,8.821428571,10.0,8.258945772999999,7.22,7.739472887000001
2016,India,4.19363364,7.5,7.921169544,5.0,6.195871335,6.63,6.412935667999999
2016,Indonesia,4.506667792,10.0,7.523809524,5.0,6.38131246,7.16,6.77065623
2016,Iran,5.211233299,2.5,5.357636552,0.0,4.532449245,6.03,5.281224623
2016,Italy,5.556020306000001,10.0,9.071428571,10.0,8.690446317000001,7.27,7.9802231589999995
2016,Jamaica,5.438131476000001,10.0,9.535714286000001,5.0,7.268416093,7.18,7.224208046
2016,Japan,7.865212632,10.0,9.19047619,10.0,8.73377055,7.47,8.101885275
2016,Jordan,6.181326964,5.0,6.595238095,10.0,6.238666517,7.46,6.849333258
2016,Kazakhstan,5.624606113,5.0,6.140106103,10.0,6.375675545,7.11,6.742837772000001
2016,Kenya,4.5963964619999995,10.0,8.333333332999999,5.0,6.44553669,7.2,6.822768345
2016,"Korea, South",7.403501645,10.0,8.976190476000001,10.0,8.766349858,7.53,8.148174929
2016,Lebanon,4.746243312,10.0,8.297619048,5.0,6.4299941789999995,6.99,6.70999709
2016,Macedonia,5.632478964,7.5,7.845238095,10.0,7.413658024,7.13,7.271829012
2016,Madagascar,3.930338767,7.5,8.273809523999999,10.0,6.835123509,6.19,6.512561755
2016,Malaysia,5.579142801000001,7.5,6.797619048,0.0,5.902979954,6.92,6.4114899770000005
2016,Mexico,4.041975318,10.0,6.980011482999999,10.0,6.796020397,6.9,6.848010198
2016,Moldova,4.658885429,7.5,7.369047619,10.0,7.059029525,6.64,6.849514762
2016,Mongolia,5.33911766,10.0,8.238095238,10.0,7.998312553,7.4,7.699156277
2016,Morocco,5.434930662,7.5,7.297619048,0.0,5.986756512,6.37,6.178378256
2016,Myanmar,3.657112396,7.5,7.544895499,5.0,5.463360869,5.42,5.441680433999999
2016,Nepal,4.661816727,7.5,6.702380952,10.0,6.91161139,6.53,6.720805695
2016,Netherlands,8.714600181,10.0,9.726190476000001,10.0,9.39884236,7.71,8.55442118
2016,New Zealand,7.877338508999999,10.0,9.523809523999999,10.0,9.284819157000001,8.49,8.887409579
2016,Nicaragua,3.928453337,5.0,7.047619048,10.0,6.432494726,7.27,6.851247363
2016,Nigeria,4.990419908,7.5,8.175114352000001,0.0,5.823617206000001,6.32,6.071808602999999
2016,Norway,8.50921782,10.0,9.797619048,10.0,9.342481133,7.6,8.471240566
2016,Pakistan,3.7086642710000004,7.5,7.087699939,5.0,5.324592448,6.0,5.662296223999999
2016,Panama,4.823171833,10.0,8.300639622,10.0,7.715240074,7.58,7.647620037
2016,Peru,4.405750136,10.0,8.205155728,10.0,7.720786695,7.43,7.575393347
2016,Philippines,4.670851626,7.5,8.204248444,10.0,6.497526693999999,7.34,6.9187633470000005
2016,Poland,6.409359477000001,10.0,8.619047619,10.0,8.353120455,7.27,7.811560227
2016,Portugal,6.920652248,10.0,9.55952381,10.0,9.043712243,7.51,8.276856122
2016,Romania,6.460960281,10.0,9.0,10.0,8.653232499,7.69,8.171616249
2016,Russia,5.310767905,5.0,6.146872462,10.0,5.714381665,6.83,6.272190833
2016,Senegal,5.64920677,10.0,8.25,0.0,6.774187769,6.22,6.497093885
2016,Serbia,4.910499575,7.5,8.535714286000001,10.0,7.847943252,6.85,7.348971626
2016,Singapore,8.131371825,5.0,6.133315737999999,5.0,7.479423635,8.84,8.159711817
2016,Slovenia,5.859112282999999,10.0,9.428571429,10.0,8.822791467,7.05,7.9363957329999995
2016,South Africa,6.067467323,10.0,8.904761905,10.0,7.695143614,6.65,7.172571807000001
2016,Spain,6.596637295,10.0,9.214285713999999,10.0,8.758213764,7.56,8.159106882
2016,Sri Lanka,4.482074331000001,5.0,7.226190476,0.0,6.040721832999999,6.49,6.265360917000001
2016,Sweden,8.09462332,10.0,9.726190476000001,10.0,9.334750298,7.44,8.387375149
2016,Tanzania,5.043567962,7.5,7.5,5.0,6.126418693,6.92,6.523209346
2016,Thailand,5.328004765,2.5,7.15782646,10.0,6.399562601,6.85,6.6247813010000005
2016,Tunisia,4.903501481,7.5,8.017579553,0.0,6.577472244,6.29,6.433736122000001
2016,Turkey,4.3734140219999995,7.5,3.962095697,10.0,6.092465309,6.84,6.466232654
2016,Uganda,4.5278217860000005,7.5,7.892857143,0.0,6.128889094,7.41,6.769444547000001
2016,Ukraine,5.136370026,7.5,7.099239115,10.0,6.586270408,5.98,6.283135204
2016,United Arab Emirates,6.827329742000001,0.0,6.30952381,0.0,5.073350176,7.5,6.286675088
2016,United Kingdom,7.512236939,10.0,9.25,10.0,8.995835872,8.0,8.497917936
2016,United States,6.682994195,10.0,9.241503522,10.0,8.747310216,8.03,8.388655108
2016,Uruguay,7.3728840589999995,7.5,9.357142857000001,10.0,8.296141806,7.16,7.728070903
2016,Venezuela,3.271890501,10.0,5.109508378,10.0,5.5214489129999995,2.88,4.2007244560000006
2016,Vietnam,4.44892197,2.5,5.843436781,10.0,5.968007599999999,6.42,6.1940038
2016,Zimbabwe,4.334427267,2.5,6.65,5.0,5.170725575,6.06,5.6153627870000005
2015,Albania,4.802975012,10.0,8.642857142999999,10.0,7.587078008,7.53,7.558539004
2015,Argentina,5.674435283999999,7.5,8.619047619,10.0,8.025095551,4.98,6.502547776
2015,Australia,7.6677743629999995,10.0,9.357142857000001,10.0,9.214745272,8.0,8.607372636000001
2015,Austria,8.027584801,10.0,9.297619048,10.0,9.379794281,7.64,8.509897141
2015,Bangladesh,3.930482973,5.0,6.531109157,5.0,5.292208858,6.33,5.811104428999999
2015,Belgium,7.61364443,10.0,9.761904762,10.0,9.185713173,7.43,8.307856586
2015,Bolivia,3.464884573,7.5,8.535714286000001,10.0,7.3519318270000005,6.05,6.700965914
2015,Bosnia and Herzegovina,5.000277201,10.0,8.702380952,10.0,8.003266712,6.63,7.3166333560000005
2015,Brazil,5.282762573,10.0,8.040351008,10.0,6.704299691,5.75,6.227149845
2015,Bulgaria,5.704329037999999,10.0,8.857142857000001,10.0,8.238405477999999,7.4,7.819202739
2015,Burkina Faso,4.656757825,7.5,7.738095238,10.0,7.367715777000001,6.03,6.698857887999999
2015,Cambodia,1.8926655909999999,10.0,7.94047619,10.0,7.3145484210000005,7.2,7.257274211
2015,Cameroon,3.4627771010000004,7.5,7.03267618,0.0,5.127939613000001,5.79,5.458969807000001
2015,Canada,7.219872425,10.0,9.511904762,10.0,9.130112042999999,7.91,8.520056022
2015,Chile,6.420700344,10.0,9.154761905,10.0,8.265002031,7.79,8.027501015
2015,China,5.226549889,2.5,5.127521998,10.0,5.374699937999999,6.39,5.882349969
2015,Colombia,4.976449,10.0,7.563757674,10.0,6.905774455,6.55,6.727887227
2015,Costa Rica,6.157652965,10.0,9.55952381,10.0,8.255308311,7.51,7.882654156
2015,Cote d'Ivoire,5.083693734,10.0,8.654761905,10.0,6.952269589,5.93,6.441134794
2015,Croatia,5.263263135,10.0,8.571428571,10.0,8.521920214,7.04,7.780960107
2015,Czech Rep.,7.274327298999999,10.0,9.523809523999999,10.0,9.038706671,7.49,8.264353336000001
2015,Denmark,8.422926845,10.0,9.69047619,10.0,9.336045902999999,7.75,8.543022951000001
2015,Dominican Rep.,4.563805814,7.5,8.869047619,10.0,7.023367572000001,7.24,7.131683786
2015,Ecuador,4.375666018,7.5,7.94047619,10.0,7.452677302000001,6.09,6.771338651000001
2015,Egypt,3.8233040710000004,5.0,6.494867192,0.0,3.852272151,5.77,4.811136075
2015,El Salvador,4.77388755,7.5,8.964285713999999,10.0,7.11997176,7.14,7.12998588
2015,Estonia,7.70405002,10.0,9.619047619,10.0,8.963080271,7.93,8.446540136
2015,Ethiopia,3.730377404,0.0,5.45219934,0.0,5.1563172989999995,5.55,5.35315865
2015,Finland,8.000193647,10.0,9.702380952,10.0,9.407869341,7.71,8.55893467
2015,France,7.112594852000001,10.0,7.75,10.0,8.658781066,7.35,8.004390532999999
2015,Georgia,6.1167474,10.0,8.666666667000001,10.0,7.776962277000001,7.98,7.878481138
2015,Germany,8.599662262,10.0,9.357142857000001,10.0,9.290914426,7.67,8.480457213
2015,Ghana,6.109392415,7.5,8.315412622,5.0,7.711280815,6.52,7.115640407000001
2015,Greece,5.717380856,10.0,8.571428571,10.0,8.071834597999999,6.45,7.260917299
2015,Guatemala,3.318313755,7.5,6.892857143,10.0,6.530604885,7.69,7.110302442999999
2015,Honduras,4.254805092,7.5,7.928571429,10.0,6.397629225,7.35,6.8738146129999995
2015,Hong Kong,7.72468753,7.5,8.773809523999999,10.0,8.745161709,8.97,8.857580854
2015,Hungary,5.242162649,10.0,8.892857142999999,10.0,8.442993684,7.19,7.816496842
2015,India,4.269637771,7.5,7.9638875339999995,5.0,6.204728642999999,6.61,6.407364322
2015,Indonesia,4.309005175,10.0,7.523809524,5.0,6.42811967,7.0,6.714059835
2015,Iran,5.504770092,2.5,5.157980209,0.0,4.4920737619999995,5.4,4.946036881
2015,Italy,5.70128939,10.0,9.071428571,10.0,8.717216022999999,7.31,8.013608012
2015,Jamaica,5.44761664,10.0,9.571428571,5.0,7.2368117629999995,7.25,7.243405882
2015,Japan,8.206455823999999,10.0,9.226190476000001,10.0,8.706370086,7.46,8.083185043
2015,Jordan,6.257972726,5.0,6.666666667,10.0,6.293273546,7.47,6.881636772999999
2015,Kazakhstan,5.467893009,5.0,6.416666667,10.0,6.421995039,7.26,6.84099752
2015,Kenya,4.323092218,10.0,8.030902222,5.0,6.323389115,7.11,6.7166945579999995
2015,"Korea, South",8.104340781,10.0,9.023809523999999,10.0,8.796927013,7.55,8.173463506000001
2015,Lebanon,4.77299964,10.0,8.261904762,5.0,6.1179080070000005,7.01,6.563954002999999
2015,Macedonia,5.583143305,7.5,7.880952381,10.0,7.47089897,7.16,7.315449485
2015,Madagascar,4.115195482,7.5,8.273809523999999,10.0,6.885249592999999,6.31,6.597624796
2015,Malaysia,5.63091023,7.5,6.833333333,0.0,5.9701345439999995,7.15,6.560067272
2015,Mexico,4.076806259,10.0,7.420710752000001,10.0,6.912512695,6.88,6.896256348
2015,Moldova,4.648579855,7.5,7.369047619,10.0,7.101187948,6.57,6.835593974
2015,Mongolia,5.44689998,10.0,8.238095238,10.0,8.038872539,7.38,7.70943627
2015,Morocco,5.348960352,7.5,7.256572062999999,0.0,5.980245285,6.36,6.170122642000001
2015,Myanmar,4.209035975,7.5,7.768457381,5.0,5.582741607000001,5.32,5.451370803
2015,Nepal,4.147882723,7.5,6.630952381,10.0,6.951082448999999,6.5,6.725541224
2015,Netherlands,8.77353257,10.0,9.726190476000001,10.0,9.366518091,7.73,8.548259045
2015,New Zealand,7.840253487000001,10.0,9.476190476000001,10.0,9.273780082,8.48,8.876890041000001
2015,Nicaragua,3.67695784,5.0,7.083333333,10.0,6.362252121,7.27,6.81612606
2015,Nigeria,4.7989074789999995,7.5,8.19047619,0.0,5.630882721,6.39,6.010441361
2015,Norway,8.511384731,10.0,9.797619048,10.0,9.388991716,7.65,8.519495857999999
2015,Pakistan,3.702229327,7.5,7.194370257,5.0,5.304687137,5.92,5.612343569
2015,Panama,4.838106261,10.0,8.547619048,10.0,7.706968943,7.57,7.638484471
2015,Peru,4.372035895,10.0,8.607142857000001,10.0,7.7600731089999995,7.47,7.615036554
2015,Philippines,4.489777088,7.5,7.635921591000001,10.0,6.675528965,7.43,7.052764482000001
2015,Poland,6.629664172000001,10.0,8.445354246,10.0,8.620768677000001,7.36,7.990384338999999
2015,Portugal,6.640523915,10.0,9.511904762,10.0,9.041335637000001,7.55,8.295667819
2015,Romania,6.455032579,10.0,9.0,10.0,8.714022635,7.7,8.207011317000001
2015,Russia,5.172893858,5.0,6.156752701,10.0,5.686518909,6.65,6.168259454
2015,Senegal,5.686091455,10.0,8.166666667000001,0.0,6.84226735,6.15,6.496133675
2015,Serbia,4.641978386,7.5,8.678571429,10.0,7.980959638,6.76,7.370479819
2015,Singapore,8.473434942999999,5.0,6.642857143,5.0,7.613530775,8.84,8.226765387999999
2015,Slovenia,6.4158198539999995,10.0,9.428571429,10.0,8.955760644,7.08,8.017880322
2015,South Africa,6.061827869,10.0,8.964285713999999,10.0,7.673183797999999,6.84,7.256591899
2015,Spain,6.51228272,10.0,9.214285713999999,10.0,8.821932869,7.53,8.175966435
2015,Sri Lanka,4.249264418,5.0,7.095238095,0.0,6.037549941,6.63,6.333774971
2015,Sweden,8.12385125,10.0,9.726190476000001,10.0,9.319148591,7.65,8.484574296
2015,Tanzania,5.007240843,7.5,7.642857143,5.0,6.191474778,6.92,6.555737389
2015,Thailand,5.269454884,2.5,7.136957057,10.0,6.453236255,6.8,6.626618128
2015,Tunisia,4.8710460819999994,7.5,8.19047619,0.0,6.601278341,6.33,6.46563917
2015,Turkey,4.553012103,7.5,5.101696097,10.0,6.473633851000001,6.84,6.656816926
2015,Uganda,4.217562227,7.5,7.928571429,0.0,6.119589402999999,7.3,6.709794702000001
2015,Ukraine,4.720246609,7.5,7.136003552999999,10.0,6.288703135,5.4,5.844351567
2015,United Arab Emirates,6.754037393,0.0,6.153469156,0.0,5.100455003,7.45,6.275227501
2015,United Kingdom,7.5393146810000005,10.0,9.25,10.0,9.04740761,8.01,8.528703805
2015,United States,6.525668701,10.0,9.268106616,10.0,8.827569985,7.93,8.378784993
2015,Uruguay,7.295842196000001,7.5,9.321428571,10.0,8.390693659,7.15,7.770346829
2015,Venezuela,2.9208700430000003,10.0,5.19047619,10.0,5.523499761,2.96,4.24174988
2015,Vietnam,4.667068444,2.5,5.872682796,10.0,6.014982826000001,6.3,6.157491413
2015,Zimbabwe,4.59177648,2.5,6.65,5.0,5.155279216,6.01,5.582639607999999
2014,Albania,5.041787175,10.0,8.678571429,10.0,7.750165681,7.48,7.61508284
2014,Argentina,5.4825916679999995,7.5,8.571428571,10.0,7.924290206,4.49,6.207145102999999
2014,Australia,7.3689399810000005,10.0,9.404761905,10.0,9.324684277000001,8.02,8.672342139
2014,Austria,7.897081994,10.0,9.333333332999999,10.0,9.380255741000001,7.68,8.530127871
2014,Bangladesh,3.902895366,5.0,7.085210247999999,5.0,5.494260072,6.3,5.897130036
2014,Belgium,7.2039432670000005,10.0,9.761904762,10.0,9.101087191,7.59,8.345543595
2014,Bolivia,3.690042257,7.5,8.583333332999999,10.0,7.3421166389999994,6.21,6.77605832
2014,Bosnia and Herzegovina,5.179756281,10.0,8.666666667000001,10.0,8.042956815,6.78,7.411478407000001
2014,Brazil,5.25751535,10.0,8.421087607999999,10.0,6.959999388,5.93,6.444999694
2014,Bulgaria,5.389503434,10.0,8.94047619,10.0,8.327565995,7.37,7.848782998
2014,Burkina Faso,4.709017633999999,7.5,7.607142857,10.0,7.31425692,6.02,6.66712846
2014,Cambodia,2.924415414,10.0,6.511904762,10.0,7.325478421000001,7.16,7.242739211
2014,Cameroon,3.6520488319999997,7.5,6.9310546010000005,0.0,5.543957227999999,5.9,5.721978614
2014,Canada,7.021453602999999,10.0,9.511904762,10.0,9.219105405,8.22,8.719552703
2014,Chile,6.120241199,10.0,9.119047619,10.0,8.195178298,7.84,8.017589148999999
2014,China,4.848615779,2.5,5.168211885,10.0,5.519759207000001,6.38,5.949879602999999
2014,Colombia,5.115432518,10.0,8.165370815,10.0,6.947463722,6.58,6.763731861
2014,Costa Rica,6.333977215,10.0,9.55952381,10.0,8.61771487,7.5,8.058857435
2014,Cote d'Ivoire,5.44715702,10.0,8.619047619,10.0,6.971078107,6.0,6.485539052999999
2014,Croatia,5.372106092,10.0,8.642857142999999,10.0,8.478889534,7.0,7.739444767
2014,Czech Rep.,6.88280009,10.0,9.523809523999999,10.0,9.019314457,7.46,8.239657227999999
2014,Denmark,8.286373412,10.0,9.726190476000001,10.0,9.405680536,7.81,8.607840268
2014,Dominican Rep.,5.077345633999999,7.5,8.869047619,10.0,7.291728900000001,7.26,7.27586445
2014,Ecuador,4.114318283,7.5,7.976190476,10.0,7.387582246,5.66,6.523791123
2014,Egypt,3.9412028969999997,5.0,6.621973406,0.0,4.301382469,5.78,5.040691235
2014,El Salvador,5.058404305,7.5,9.0,10.0,7.491164799,7.35,7.420582400000001
2014,Estonia,7.521007976,10.0,9.619047619,10.0,9.000505299,7.79,8.395252649
2014,Ethiopia,3.5765816310000003,0.0,5.345813027,0.0,5.179381713,5.46,5.319690856
2014,Finland,7.76013385,10.0,9.702380952,10.0,9.486705087,7.79,8.638352543
2014,France,6.979270089,10.0,9.369047619,10.0,8.934746353,7.36,8.147373177
2014,Georgia,6.338844452000001,10.0,8.714285713999999,10.0,7.771881844,8.02,7.895940922
2014,Germany,8.248239705,10.0,9.428571429,10.0,9.302399068,7.67,8.486199533999999
2014,Ghana,6.077133901,7.5,8.904761905,5.0,7.870899639,6.41,7.14044982
2014,Greece,5.913845212000001,10.0,8.488095238,10.0,8.143170861,6.81,7.47658543
2014,Guatemala,3.644213454,7.5,8.285714286000001,10.0,6.954734744,7.65,7.302367372000001
2014,Honduras,4.509307582,7.5,6.452380952,10.0,6.553163528,7.26,6.906581763999999
2014,Hong Kong,7.582196379,7.5,8.738095238,10.0,8.784911001000001,9.0,8.892455501
2014,Hungary,5.3209524980000005,10.0,8.976190476000001,10.0,8.56729854,7.36,7.96364927
2014,India,4.16221132,7.5,8.024432601,5.0,6.279888466,6.23,6.254944233
2014,Indonesia,4.318695556000001,10.0,7.523809524,5.0,6.398715553,7.02,6.709357777
2014,Iran,5.568671772,2.5,4.953430098,0.0,4.231371331,4.89,4.560685665
2014,Italy,5.7787097,10.0,9.071428571,10.0,8.703629827,7.25,7.976814912999999
2014,Jamaica,5.159193352,10.0,9.571428571,5.0,7.35899822,7.13,7.24449911
2014,Japan,7.405537754,10.0,9.261904762,10.0,8.771443922000001,7.52,8.145721961
2014,Jordan,6.155949852000001,5.0,6.666666667,10.0,6.298161605,7.54,6.919080803
2014,Kazakhstan,5.141637394,5.0,6.369047619,10.0,6.469997417,7.23,6.849998708999999
2014,Kenya,4.667631532,10.0,8.369047619,5.0,6.211526651000001,7.1,6.655763326000001
2014,"Korea, South",7.950615414,10.0,9.023809523999999,10.0,8.855440865,7.55,8.202720433
2014,Lebanon,4.527368084,10.0,8.297619048,5.0,6.175405217000001,6.98,6.577702609
2014,Macedonia,5.678727454,7.5,7.348072954,10.0,7.144729482000001,7.24,7.1923647410000004
2014,Madagascar,4.100953924,7.5,8.238095238,10.0,7.221221138,6.44,6.830610569
2014,Malaysia,5.68937496,7.5,6.916666667,0.0,5.839001102999999,7.1,6.469500551
2014,Mexico,4.40871382,10.0,7.679208538999999,10.0,6.992210000000001,6.85,6.921105000000001
2014,Moldova,4.286461027,7.5,7.44047619,10.0,7.12615128,6.65,6.88807564
2014,Mongolia,5.533518452000001,10.0,8.238095238,10.0,8.097245218,7.32,7.708622609
2014,Morocco,5.125337246,7.5,7.244086918,0.0,6.086608629,6.28,6.183304314
2014,Myanmar,3.730943895,7.5,7.390223351,5.0,5.7969511439999994,5.36,5.578475572
2014,Nepal,4.247562939,7.5,6.595238095,10.0,7.086550457,6.45,6.768275227999999
2014,Netherlands,8.590510758999999,10.0,9.726190476000001,10.0,9.211358139,7.74,8.475679069
2014,New Zealand,7.77573236,10.0,9.523809523999999,10.0,9.362771645,8.48,8.921385823
2014,Nicaragua,3.565403768,5.0,7.154761905,10.0,6.649156245,7.3,6.9745781220000005
2014,Nigeria,4.981315146,7.5,8.154761905,0.0,5.723368063,6.38,6.051684031000001
2014,Norway,8.552878943,10.0,9.75,10.0,9.526563811,7.62,8.573281905
2014,Pakistan,3.979317333,7.5,6.770574646,5.0,5.045777621,5.89,5.46788881
2014,Panama,4.992958311000001,10.0,8.511904762,10.0,7.687835067999999,7.48,7.583917533999999
2014,Peru,4.262512994,10.0,8.110202632,10.0,7.565959777000001,7.53,7.547979889
2014,Philippines,4.588583666,7.5,8.048202731,10.0,6.608040759,7.4,7.00402038
2014,Poland,6.547486056,10.0,8.857142857000001,10.0,8.833323022,7.43,8.131661511
2014,Portugal,6.537219931,10.0,9.511904762,10.0,9.029433438,7.6,8.314716719
2014,Romania,6.332679732999999,10.0,8.892857142999999,10.0,8.902438393999999,7.74,8.321219197000001
2014,Russia,5.015154154,5.0,6.156733592,10.0,5.972596942000001,6.59,6.281298471
2014,Senegal,5.347684673,10.0,8.214285713999999,0.0,6.809731747000001,6.23,6.519865874
2014,Serbia,4.692796525,7.5,8.869047619,10.0,8.060048338,6.71,7.385024168999999
2014,Singapore,8.430251682,5.0,6.642857143,5.0,7.589062198,8.84,8.214531099
2014,Slovenia,6.4165458179999995,10.0,9.30952381,10.0,8.936066878,7.01,7.973033439
2014,South Africa,5.6236381479999995,10.0,8.654733651,10.0,7.499558416,6.87,7.184779207999999
2014,Spain,6.418713489,10.0,9.214285713999999,10.0,8.944537998,7.45,8.197268999
2014,Sri Lanka,4.7122240269999995,5.0,6.654761905,0.0,5.754402664,6.58,6.167201332
2014,Sweden,8.106432812000001,10.0,9.761904762,10.0,9.253566024,7.62,8.436783012000001
2014,Tanzania,5.0740962430000005,7.5,7.678571429,5.0,6.359931017,6.76,6.5599655089999995
2014,Thailand,4.6231215169999995,2.5,7.195302000000001,10.0,6.567701317,6.62,6.593850657999999
2014,Tunisia,5.2059583,7.5,8.30952381,0.0,6.665387332999999,6.48,6.572693667
2014,Turkey,4.946313197,7.5,5.0243365980000005,10.0,6.642301731,6.87,6.7561508660000005
2014,Uganda,4.772291796,7.5,7.916666667,0.0,6.159891618,7.31,6.734945809
2014,Ukraine,4.875828428999999,7.5,5.904761905,10.0,6.160397678,5.91,6.0351988389999995
2014,United Arab Emirates,6.27673332,0.0,6.380952381,0.0,5.278572901,7.56,6.41928645
2014,United Kingdom,7.419845846,10.0,9.25,10.0,9.155805192999999,7.91,8.532902597
2014,United States,6.674783897999999,10.0,9.321428571,10.0,8.850569923,7.81,8.330284961
2014,Uruguay,7.122691212,7.5,9.357142857000001,10.0,8.333960694,7.14,7.736980347
2014,Venezuela,3.485509687,10.0,5.154761905,10.0,5.867460035,3.28,4.573730018
2014,Vietnam,4.576318134,2.5,5.1849686639999994,10.0,6.020681941,6.32,6.17034097
2014,Zimbabwe,4.519193699,2.5,6.816666667000001,5.0,5.305365451,5.63,5.467682725
2013,Albania,4.9,10.0,8.678571429,10.0,7.509193257000001,7.27,7.389596629
2013,Argentina,5.4,10.0,8.583333332999999,10.0,8.261688832,4.88,6.570844416
2013,Australia,7.3,10.0,9.404761905,10.0,9.167331242000001,7.92,8.543665621
2013,Austria,7.5,10.0,9.333333332999999,10.0,9.320218917,7.63,8.475109458
2013,Bangladesh,3.6,7.5,8.007414756000001,0.0,5.292127787,6.37,5.831063894
2013,Belgium,6.9,10.0,9.761904762,10.0,9.041066724,7.37,8.205533362
2013,Bolivia,3.4,10.0,8.547619048,10.0,7.647876936,6.4,7.023938468
2013,Bosnia and Herzegovina,4.9,10.0,8.702380952,10.0,8.012688692000001,6.61,7.311344346
2013,Botswana,6.1,7.5,7.44047619,0.0,6.516080467,7.27,6.893040234
2013,Brazil,5.1,10.0,8.348638052,10.0,7.404761292000001,6.05,6.727380646
2013,Bulgaria,5.3,10.0,8.904761905,10.0,8.347520192000001,7.33,7.838760096000001
2013,Burkina Faso,5.4,10.0,8.726190476000001,10.0,7.70045546,5.96,6.83022773
2013,Cambodia,3.4,7.5,8.047619048,10.0,7.1928976239999995,7.17,7.181448812
2013,Cameroon,3.4,7.5,7.773809524,0.0,6.222503505,5.95,6.086251752999999
2013,Canada,7.3,10.0,9.476190476000001,10.0,9.225504269,8.03,8.627752135
2013,Chile,6.1,10.0,9.119047619,10.0,8.108075745,7.88,7.994037872000001
2013,China,4.1,0.0,5.6210835789999996,10.0,5.7375622129999995,6.39,6.0637811070000005
2013,Colombia,4.9,10.0,7.5512631820000005,10.0,6.470821012,6.67,6.570410506
2013,Cote d'Ivoire,4.8,10.0,8.178571429,10.0,6.680421029,5.9,6.290210514
2013,Croatia,5.2,10.0,9.0,10.0,8.481888129,6.9,7.690944065
2013,Czech Rep.,6.5,10.0,9.523809523999999,10.0,9.105148977999999,7.37,8.237574489
2013,Denmark,8.2,10.0,9.726190476000001,10.0,9.519350373,7.68,8.599675186
2013,Dominican Rep.,4.8,7.5,8.904761905,10.0,7.111907068,7.24,7.175953534
2013,Ecuador,4.1,10.0,8.05952381,10.0,7.62613917,5.88,6.753069585
2013,Egypt,3.9,5.0,5.9736378320000005,0.0,4.699169958,6.01,5.354584979
2013,El Salvador,4.7,7.5,7.928571429,10.0,7.2071164020000005,7.2,7.203558201
2013,Estonia,7.2,10.0,9.619047619,10.0,8.971011186,7.7,8.335505592999999
2013,Ethiopia,3.9,5.0,6.287469432000001,0.0,5.8576142870000005,5.53,5.693807144
2013,Finland,7.5,10.0,9.702380952,10.0,9.456230683,7.7,8.578115342
2013,France,6.9,10.0,9.404761905,10.0,8.769470916,7.23,7.999735458
2013,Georgia,6.0,10.0,8.392857142999999,10.0,7.758325639,7.87,7.814162819
2013,Germany,8.2,10.0,9.464285713999999,10.0,9.220922551000001,7.66,8.440461275
2013,Ghana,5.9,10.0,9.261904762,5.0,7.9181353439999995,6.55,7.234067672
2013,Greece,6.1,10.0,8.619047619,10.0,8.093892854,6.88,7.486946427
2013,Guatemala,3.6,7.5,5.797619048,10.0,6.617231982000001,7.66,7.138615991
2013,Hong Kong,7.2,10.0,8.857142857000001,10.0,8.983629476,8.96,8.971814737999999
2013,Hungary,4.9,10.0,9.011904762,10.0,8.557803937000001,7.34,7.9489019679999995
2013,India,3.9,10.0,7.669938322,10.0,6.965228547000001,6.36,6.662614272999999
2013,Indonesia,4.7,10.0,7.880952381,5.0,6.931741416,7.01,6.970870708
2013,Iran,5.6,5.0,3.782871783,0.0,4.087617263,5.04,4.563808631000001
2013,Italy,5.8,10.0,9.047711524,10.0,8.760079585,7.19,7.975039793
2013,Jamaica,4.7,10.0,9.571428571,5.0,7.166775132000001,7.3,7.233387566
2013,Japan,7.3,10.0,9.261904762,10.0,8.852599722,7.54,8.196299861
2013,Jordan,6.2,7.5,6.969932072000001,10.0,6.120075129,7.65,6.885037564
2013,Kazakhstan,4.7,2.5,6.011904762,10.0,6.348148387999999,7.13,6.739074194
2013,Kenya,4.4,7.5,7.693218202000001,5.0,6.349646271,7.12,6.734823136
2013,"Korea, South",7.3,10.0,8.714285713999999,10.0,8.666065274,7.36,8.013032637
2013,Lebanon,4.5,10.0,8.392857142999999,0.0,6.065344471,6.97,6.517672236
2013,Madagascar,4.1,10.0,8.083333332999999,10.0,7.068668692,6.6,6.834334346
2013,Malaysia,5.7,7.5,6.25,0.0,6.134829472000001,7.07,6.602414736
2013,Mexico,3.9,10.0,7.781200849,10.0,6.7907910639999995,6.77,6.780395532000001
2013,Mongolia,5.2,7.5,8.952380952,10.0,8.105190444,7.17,7.637595222000001
2013,Morocco,5.0,7.5,7.243479809,0.0,6.243817301,6.37,6.3069086510000005
2013,Myanmar,3.9,0.0,6.666666667,5.0,5.03109523,5.35,5.190547615
2013,Nepal,4.2,7.5,6.238095238,10.0,7.414770822,6.36,6.887385411
2013,Netherlands,8.3,10.0,9.773809523999999,10.0,9.186037305,7.62,8.403018652
2013,New Zealand,7.5,10.0,9.571428571,10.0,9.257169237000001,8.48,8.868584618
2013,Nicaragua,3.7,7.5,8.226190476000001,10.0,6.879121133,7.34,7.109560566
2013,Nigeria,5.0,10.0,8.46448006,0.0,5.445456597000001,6.39,5.917728297999999
2013,Norway,8.6,10.0,9.75,10.0,9.560169409,7.6,8.580084703999999
2013,Pakistan,3.6,7.5,6.708439717,0.0,4.790842253,6.14,5.465421127000001
2013,Panama,4.5,10.0,8.476190476000001,10.0,7.718084545,7.38,7.5490422729999995
2013,Peru,3.9,7.5,8.223099137,10.0,7.453131026,7.52,7.4865655129999995
2013,Philippines,3.9,7.5,6.611121569,10.0,6.067960358,7.54,6.803980179
2013,Poland,6.2,10.0,9.178571429,10.0,8.891006727999999,7.25,8.070503364
2013,Portugal,6.2,10.0,9.511904762,10.0,8.929405883,7.52,8.224702942
2013,Romania,5.9,10.0,8.892857142999999,10.0,8.615618885,7.63,8.122809443
2013,Russia,4.6,5.0,7.447662779,10.0,6.269067275,6.62,6.444533637999999
2013,Senegal,5.5,10.0,8.571428571,0.0,6.735442699,6.2,6.46772135
2013,Serbia,4.5,7.5,8.642857142999999,10.0,7.626730655,6.68,7.153365327
2013,Sierra Leone,4.7,5.0,7.226190476,5.0,6.3784837770000005,6.12,6.249241888999999
2013,Singapore,7.7,2.5,6.285714286,5.0,7.2969850670000005,8.64,7.968492532999999
2013,Slovenia,6.1,10.0,9.321428571,10.0,8.920481301,6.75,7.83524065
2013,South Africa,5.3,10.0,8.714285713999999,10.0,7.203876644,7.08,7.141938322000001
2013,Spain,6.2,10.0,8.857142857000001,10.0,8.661794619,7.35,8.00589731
2013,Sri Lanka,4.1,7.5,7.011904762,0.0,5.8342804479999995,6.64,6.237140224
2013,Sweden,7.8,10.0,9.761904762,10.0,9.271151738,7.44,8.355575868999999
2013,Tanzania,4.8,5.0,7.36073481,10.0,6.672414347999999,6.85,6.761207174
2013,Thailand,3.9,7.5,6.5861785610000005,10.0,6.880345496,6.61,6.745172748
2013,Tunisia,5.4,7.5,7.392857143,0.0,5.926390389,6.35,6.138195195
2013,Turkey,5.2,7.5,6.507915211,10.0,7.315974937999999,6.86,7.087987469
2013,Uganda,4.8,5.0,7.523809524,0.0,6.095984699,7.38,6.737992349
2013,Ukraine,5.2,7.5,7.523809524,10.0,7.491269422999999,6.05,6.7706347110000005
2013,United Arab Emirates,5.9,0.0,5.666666667,0.0,5.236194575,7.68,6.458097287
2013,United Kingdom,7.2,10.0,9.261904762,10.0,9.065507173,7.96,8.512753587
2013,United States,6.1,10.0,9.352624991,10.0,8.63473147,7.74,8.187365735
2013,Uruguay,7.0,10.0,9.261904762,10.0,8.493606827,7.26,7.876803412999999
2013,Venezuela,3.3,10.0,7.333333333,10.0,6.707714286,3.32,5.013857143
2013,Vietnam,4.2,2.5,5.016581615,10.0,6.248650872000001,6.37,6.309325436
2013,Zambia,4.7,7.5,7.214285714,5.0,6.440868635,6.95,6.695434317999999
2013,Zimbabwe,4.0,5.0,6.892857143,5.0,5.395069014,5.3,5.347534507
2012,Albania,4.9,10.0,8.678571429,10.0,7.670381824,7.2,7.435190912
2012,Argentina,5.4,10.0,8.55952381,10.0,8.098573356000001,5.04,6.569286677999999
2012,Australia,7.3,10.0,9.452380952,10.0,9.155872775,7.96,8.557936388
2012,Austria,7.5,10.0,9.333333332999999,10.0,9.268543752000001,7.62,8.444271876
2012,Bangladesh,3.6,7.5,7.86765035,0.0,5.4779171579999995,6.24,5.858958578999999
2012,Belgium,6.9,10.0,9.761904762,10.0,9.033781106000001,7.35,8.191890553
2012,Bolivia,3.4,10.0,8.547619048,10.0,7.60251067,6.38,6.991255335
2012,Bosnia and Herzegovina,4.9,10.0,8.75,10.0,7.874977049,6.79,7.3324885239999995
2012,Botswana,6.1,7.5,7.44047619,0.0,6.4080804670000004,7.25,6.829040234
2012,Brazil,5.1,10.0,8.239094191,10.0,7.420760026,6.24,6.830380012999999
2012,Bulgaria,5.3,10.0,8.94047619,10.0,8.266661787,7.37,7.818330894
2012,Burkina Faso,5.4,10.0,8.723315807,10.0,7.441720527,5.81,6.625860263
2012,Cambodia,3.4,7.5,6.984180717,10.0,7.343625516,6.92,7.131812758
2012,Cameroon,3.4,7.5,7.785714286,0.0,6.130545832999999,6.05,6.090272917
2012,Canada,7.3,10.0,9.44047619,10.0,9.206788022000001,7.99,8.598394011
2012,Chile,6.1,10.0,9.119047619,10.0,8.629821557,7.81,8.219910779
2012,China,4.1,0.0,5.656631181,10.0,5.636779485,6.37,6.003389743
2012,Colombia,4.9,10.0,7.581036565,10.0,6.39564217,6.72,6.557821085
2012,Cote d'Ivoire,4.8,10.0,7.94047619,10.0,6.270803984,5.64,5.9554019920000005
2012,Croatia,5.2,10.0,9.0,10.0,8.422988706,6.93,7.676494353
2012,Czech Rep.,6.5,10.0,9.523809523999999,10.0,9.030405431,7.42,8.225202715
2012,Denmark,8.2,10.0,9.726190476000001,10.0,9.48716691,7.56,8.523583455
2012,Dominican Rep.,4.8,7.5,8.952380952,10.0,7.032942885,7.03,7.031471442999999
2012,Ecuador,4.1,10.0,7.180682175,10.0,7.332285944,6.03,6.681142972000001
2012,Egypt,3.9,5.0,7.218269492999999,0.0,5.202573003,6.14,5.671286501
2012,El Salvador,4.7,7.5,7.845238095,10.0,7.196338624,7.09,7.143169312
2012,Estonia,7.2,10.0,9.619047619,10.0,8.967744925,7.68,8.323872462999999
2012,Ethiopia,3.9,5.0,6.252518052999999,0.0,5.5070892989999995,5.58,5.543544648999999
2012,Finland,7.5,10.0,9.702380952,10.0,9.440904509,7.81,8.625452253999999
2012,France,6.9,10.0,9.404761905,10.0,8.752233527000001,7.27,8.011116762999999
2012,Georgia,6.0,10.0,8.357142857000001,10.0,7.378219404,7.75,7.5641097020000005
2012,Germany,8.2,10.0,9.464285713999999,10.0,9.20654038,7.64,8.42327019
2012,Ghana,5.9,10.0,9.261904762,5.0,7.62706127,6.44,7.033530635
2012,Greece,6.1,10.0,8.75,10.0,8.595543215,6.67,7.6327716070000005
2012,Guatemala,3.6,7.5,7.273809524,10.0,6.583207568,7.41,6.9966037839999995
2012,Hong Kong,7.2,10.0,8.94047619,10.0,9.038171337,8.96,8.999085668
2012,Hungary,4.9,10.0,8.964285713999999,10.0,8.528692344,7.33,7.929346172000001
2012,India,3.9,10.0,7.725175028,10.0,7.20451454,6.54,6.87225727
2012,Indonesia,4.7,10.0,7.823553117,5.0,6.921251847000001,6.84,6.880625922999999
2012,Iran,5.6,5.0,3.3294416719999997,0.0,3.92356544,4.96,4.44178272
2012,Italy,5.8,10.0,9.011720698,10.0,8.725521921,7.22,7.9727609610000005
2012,Jamaica,4.7,10.0,9.523809523999999,5.0,6.9805317460000005,7.14,7.060265873
2012,Japan,7.3,10.0,9.30952381,10.0,8.886949872,7.66,8.273474936
2012,Jordan,6.2,7.5,7.464285714,10.0,6.213782675,7.56,6.886891338
2012,Kazakhstan,4.7,2.5,6.047619048,10.0,6.375663307999999,7.14,6.757831653999999
2012,Kenya,4.4,7.5,8.166666667000001,5.0,6.344946019,7.09,6.717473009
2012,"Korea, South",7.3,10.0,8.75,10.0,8.663341,7.45,8.056670500000001
2012,Lebanon,4.5,10.0,6.964285714,0.0,6.3758419360000005,6.96,6.667920968
2012,Madagascar,4.1,10.0,7.976190476,10.0,7.010602059,6.48,6.745301029
2012,Malaysia,5.7,7.5,6.25,0.0,6.278361912,6.85,6.564180956
2012,Mexico,3.9,10.0,7.421563266000001,10.0,6.635227015,6.71,6.6726135079999995
2012,Mongolia,5.2,7.5,8.952380952,10.0,8.023393328,7.02,7.521696663999999
2012,Morocco,5.0,7.5,7.200001172,0.0,6.413817043,6.34,6.376908521
2012,Myanmar,3.9,0.0,6.619047619,5.0,5.100395347,5.0,5.050197673
2012,Nepal,4.2,7.5,5.614288618,10.0,7.271135622999999,6.12,6.695567811
2012,Netherlands,8.3,10.0,9.738095238,10.0,9.158976022000001,7.54,8.349488011
2012,New Zealand,7.5,10.0,9.607142857000001,10.0,9.099278081,8.47,8.784639041
2012,Nicaragua,3.7,7.5,8.261904762,10.0,6.638626321,7.36,6.999313161
2012,Nigeria,5.0,10.0,8.388741428,0.0,5.2274347389999996,6.22,5.72371737
2012,Norway,8.6,10.0,9.75,10.0,9.568154233,7.58,8.574077116
2012,Pakistan,3.6,7.5,6.622567527,0.0,4.926955447,6.15,5.538477723
2012,Panama,4.5,10.0,8.511904762,10.0,7.728516486,7.34,7.534258242999999
2012,Peru,3.9,7.5,8.69047619,10.0,7.691981838999999,7.57,7.63099092
2012,Philippines,3.9,7.5,7.214990144,10.0,6.9002883520000005,7.27,7.085144176
2012,Poland,6.2,10.0,9.214285713999999,10.0,8.910092652000001,7.32,8.115046326
2012,Portugal,6.2,10.0,9.547619048,10.0,8.949399999,7.31,8.1297
2012,Romania,5.9,10.0,8.857142857000001,10.0,8.522984609,7.47,7.996492303999999
2012,Russia,4.6,5.0,7.56690726,10.0,6.303112015,6.65,6.476556007
2012,Senegal,5.5,10.0,8.404761905,0.0,6.431042249,5.9,6.165521125
2012,Serbia,4.5,7.5,8.642857142999999,10.0,7.472898466,6.55,7.011449233
2012,Sierra Leone,4.7,5.0,7.226190476,5.0,6.024224518,6.27,6.147112259
2012,Singapore,7.7,2.5,6.285714286,5.0,7.16345105,8.64,7.901725525
2012,Slovenia,6.1,10.0,9.321428571,10.0,8.911969614,6.84,7.875984807000001
2012,South Africa,5.3,10.0,8.630952381,10.0,7.157848631,6.98,7.068924316
2012,Spain,6.2,10.0,8.904761905,10.0,8.683587317,7.35,8.016793658
2012,Sri Lanka,4.1,7.5,7.047619048,0.0,5.721443297,6.73,6.225721649
2012,Sweden,7.8,10.0,9.761904762,10.0,9.448184449,7.48,8.464092224
2012,Tanzania,4.8,5.0,7.494662085,10.0,6.540723007,6.62,6.580361503
2012,Thailand,3.9,7.5,6.446947548,10.0,7.186705591,6.58,6.8833527960000005
2012,Tunisia,5.4,7.5,7.428571429,0.0,6.140156137999999,6.4,6.270078069
2012,Turkey,5.2,7.5,6.4898544529999995,10.0,7.189369967,6.99,7.089684984
2012,Uganda,4.8,5.0,7.595238095,0.0,5.762715697000001,7.28,6.521357849
2012,Ukraine,5.2,7.5,7.630952381,10.0,7.61397065,6.24,6.926985325
2012,United Arab Emirates,5.9,0.0,5.75,0.0,4.865616291,7.71,6.287808145
2012,United Kingdom,7.2,10.0,9.345238095,10.0,9.034968339,7.91,8.472484169
2012,United States,6.1,10.0,9.5,10.0,8.622446128,7.88,8.251223064
2012,Uruguay,7.0,10.0,9.261904762,10.0,8.578156233,7.34,7.959078117000001
2012,Venezuela,3.3,10.0,7.321428571,10.0,6.631300792,3.82,5.225650396
2012,Vietnam,4.2,2.5,5.076507007,10.0,6.291365633,6.4,6.345682817
2012,Zambia,4.7,7.5,7.261904762,5.0,6.5771865929999995,7.19,6.883593296
2012,Zimbabwe,4.0,5.0,6.80952381,5.0,5.109619487,5.06,5.084809744
2011,Albania,5.074784651,10.0,8.595238095,10.0,7.764088475,7.24,7.502044237000001
2011,Argentina,5.366584392,10.0,8.642857142999999,10.0,8.130652721,5.58,6.855326361
2011,Australia,7.232830972,10.0,9.452380952,10.0,9.182501375,8.01,8.596250688
2011,Austria,7.4392399970000005,10.0,9.333333332999999,10.0,9.176559809,7.65,8.413279904
2011,Bangladesh,3.224767431,7.5,8.178571429,0.0,5.616965737999999,6.34,5.978482869
2011,Belgium,6.7815029120000005,10.0,9.761904762,10.0,9.071863472999999,7.38,8.225931736
2011,Bolivia,3.789452635,10.0,7.177771525,10.0,7.5608316460000005,6.31,6.935415823
2011,Bosnia and Herzegovina,4.99497023,10.0,8.75,10.0,7.993419151,6.7,7.346709576
2011,Botswana,6.542717186,7.5,7.44047619,0.0,6.54425507,7.22,6.882127535
2011,Brazil,5.546280515,10.0,8.235262396,10.0,7.631088273,6.45,7.040544137
2011,Bulgaria,5.661290626,10.0,8.94047619,10.0,8.359972687,7.37,7.864986342999999
2011,Burkina Faso,5.88990626,10.0,8.80952381,10.0,7.5470671629999995,5.95,6.748533581
2011,Cambodia,3.74377095,7.5,8.178571429,10.0,7.508287591,6.98,7.244143796
2011,Cameroon,3.4594980060000005,7.5,7.714285714,0.0,6.128264125,6.03,6.079132062
2011,Canada,7.231395546,10.0,9.476190476000001,10.0,9.265985648,7.95,8.607992824
2011,Chile,6.601082844,10.0,9.119047619,10.0,8.670304652999999,7.91,8.290152327000001
2011,China,4.306542104,0.0,5.579723191,10.0,5.738971433,6.32,6.029485716
2011,Colombia,5.345278351,10.0,7.811209937999999,10.0,6.52801879,6.82,6.674009395
2011,Cote d'Ivoire,5.092279647,10.0,5.942500407000001,10.0,6.026988396,5.7,5.863494198
2011,Croatia,5.120393056,10.0,9.0,10.0,8.477836956,6.9,7.688918478
2011,Czech Rep.,6.471947323999999,10.0,9.523809523999999,10.0,9.01929391,7.26,8.139646955
2011,Denmark,7.860079505,10.0,9.726190476000001,10.0,9.474774842,7.71,8.592387421
2011,Dominican Rep.,5.1137240010000005,7.5,7.491955493,10.0,6.971973327000001,7.18,7.075986664
2011,Ecuador,4.244972772,10.0,8.19047619,10.0,7.47609743,5.88,6.678048715
2011,Egypt,4.65276397,5.0,7.181734719,0.0,5.29186993,6.18,5.735934965
2011,El Salvador,4.9208337669999995,7.5,6.464285714,10.0,6.835687831,7.14,6.987843915
2011,Estonia,7.072114029,10.0,9.547619048,10.0,8.956664437999999,7.74,8.348332219
2011,Ethiopia,4.550318633,5.0,6.234184677999999,0.0,5.618282649,5.16,5.389141325
2011,Finland,7.884438672000001,10.0,9.75,10.0,9.479370628,7.87,8.674685314
2011,France,6.83579065,10.0,9.321428571,10.0,8.764231683,7.33,8.047115842
2011,Georgia,6.140106958,10.0,8.273809523999999,10.0,7.456488465,7.64,7.548244232
2011,Germany,7.99979985,10.0,9.464285713999999,10.0,9.244977872,7.68,8.462488936
2011,Ghana,6.050859016,10.0,9.261904762,5.0,7.6474713229999995,6.76,7.203735662000001
2011,Greece,6.1411792389999995,10.0,9.035714286000001,10.0,8.727117572000001,6.69,7.708558786
2011,Guatemala,4.083093802,7.5,6.282459965,10.0,6.571394145,7.22,6.895697072000001
2011,Hong Kong,7.055418715,10.0,9.011904762,10.0,9.065781753,8.99,9.027890876
2011,Hungary,5.508206757000001,10.0,8.964285713999999,10.0,8.71552409,7.38,8.047762045
2011,India,4.461348747,10.0,7.796229996,10.0,7.287817476,6.57,6.928908738
2011,Indonesia,4.948771678,10.0,7.880952381,5.0,7.008587975,6.87,6.939293987999999
2011,Iran,6.240033904,5.0,3.562352254,0.0,4.054964227,5.63,4.842482113
2011,Italy,5.588016136,10.0,9.0,10.0,8.746320087,7.22,7.983160044
2011,Jamaica,5.072036241,10.0,9.535714286000001,5.0,7.000108466,7.0,7.000054232999999
2011,Japan,7.704991553999999,10.0,9.404761905,10.0,8.896011043,7.49,8.193005522
2011,Jordan,6.453135217000001,7.5,7.464285714,10.0,6.201937455,7.48,6.840968727999999
2011,Kazakhstan,4.857371977,2.5,6.080382561,10.0,6.386742943,6.97,6.678371471
2011,Kenya,4.7368029389999995,7.5,8.202380952,5.0,6.553067751,6.94,6.746533875
2011,"Korea, South",7.168602808999999,10.0,8.714285713999999,10.0,8.630075044,7.52,8.075037522
2011,Lebanon,4.543512865,10.0,8.464285713999999,0.0,6.687905553999999,7.18,6.933952777000001
2011,Madagascar,5.349744945,10.0,8.05952381,10.0,7.368192412000001,6.21,6.789096206
2011,Malaysia,5.723684875,7.5,6.285714286,0.0,6.485079347999999,6.86,6.672539673999999
2011,Mexico,4.013279181000001,10.0,7.123675109,10.0,6.763572718,6.68,6.721786358999999
2011,Mongolia,5.2675633280000005,7.5,8.952380952,10.0,7.98101027,7.17,7.575505135
2011,Morocco,5.390035051,7.5,7.115428877,0.0,6.45908973,6.47,6.464544865
2011,Nepal,4.29630175,7.5,6.25,10.0,7.480461598,6.12,6.8002307989999995
2011,Netherlands,8.03492321,10.0,9.69047619,10.0,9.217586326000001,7.58,8.398793162999999
2011,New Zealand,7.599610723,10.0,9.571428571,10.0,9.193460949,8.39,8.791730475
2011,Nicaragua,4.232095332,7.5,8.30952381,10.0,6.737904052999999,7.31,7.023952027000001
2011,Nigeria,5.285198778,10.0,8.507529532000001,0.0,5.34030766,6.34,5.84015383
2011,Norway,8.162277648,10.0,9.75,10.0,9.3653978,7.56,8.4626989
2011,Oman,0.0,2.5,6.05952381,0.0,5.86662165,6.91,6.388310825
2011,Pakistan,3.944855823,7.5,6.490692661000001,0.0,5.0871554230000005,6.23,5.658577711
2011,Panama,5.051130622,10.0,7.083333333,10.0,7.726443475,7.13,7.428221737
2011,Peru,4.313771377,7.5,7.226190476,10.0,7.746133019,7.62,7.683066509
2011,Philippines,4.270247161,7.5,7.250313646,10.0,7.02628861,7.22,7.123144305
2011,Poland,6.293374427000001,10.0,9.261904762,10.0,9.098541785,7.24,8.169270893
2011,Portugal,6.152412839,10.0,9.547619048,10.0,9.000257569,7.27,8.135128783999999
2011,Qatar,0.0,2.5,6.369047619,0.0,5.232193716,7.23,6.231096858
2011,Romania,5.860435166,10.0,8.892857142999999,10.0,8.576851032,7.34,7.958425516
2011,Russia,4.958974582,5.0,7.614358268999999,10.0,6.381337501,6.56,6.47066875
2011,Senegal,5.775006917000001,10.0,8.285714286000001,0.0,6.458419953,5.9,6.179209976
2011,Serbia,4.71363922,7.5,8.678571429,10.0,7.491859411,6.64,7.065929706
2011,Sierra Leone,5.423574818,5.0,5.797619048,5.0,6.011410400000001,6.18,6.0957052
2011,Singapore,7.884960541,2.5,6.285714286,5.0,7.21108231,8.76,7.985541155
2011,Slovenia,5.958061292999999,10.0,9.261904762,10.0,8.870551082,6.83,7.850275541
2011,South Africa,5.470206159,10.0,8.666666667000001,10.0,7.243796296,7.12,7.181898147999999
2011,Spain,6.456055282,10.0,8.952380952,10.0,8.800843205,7.45,8.125421602000001
2011,Sri Lanka,5.226857387,7.5,7.083333333,0.0,5.9480399539999995,6.77,6.359019977000001
2011,Sweden,7.780176642000001,10.0,9.761904762,10.0,9.442889238,7.57,8.506444619
2011,Tanzania,4.847786052,5.0,7.857142857,10.0,6.675360717,6.76,6.717680359
2011,Thailand,4.320854545,7.5,6.5292044,10.0,7.423515705,6.59,7.006757853
2011,Tunisia,5.555957938,7.5,6.136798088,0.0,6.153702182999999,6.97,6.561851091
2011,Turkey,5.517525178,7.5,7.296698398999999,10.0,7.407545402999999,7.03,7.218772701000001
2011,Uganda,5.128121902,5.0,7.116735449,0.0,5.832224638,7.26,6.546112319
2011,Ukraine,5.185253975,7.5,7.678571429,10.0,7.701819704,6.15,6.925909852
2011,United Arab Emirates,6.037091325,0.0,5.821428571,0.0,4.839355425,7.69,6.264677712
2011,United Kingdom,7.23546574,10.0,9.345238095,10.0,9.088762195,7.9,8.494381097
2011,United States,6.5321267039999995,10.0,9.5,10.0,8.7129336,7.76,8.2364668
2011,Uruguay,7.140848527,10.0,9.261904762,10.0,8.692856606,7.39,8.041428303
2011,Venezuela,3.781687785,10.0,6.836563718,10.0,6.754915631,3.91,5.332457816
2011,Vietnam,4.349101094,2.5,5.006036828,10.0,6.4150831660000005,6.24,6.3275415829999995
2011,Zambia,4.578003043,7.5,7.238095238,5.0,6.640517372000001,7.34,6.990258686000001
2011,Zimbabwe,3.9915815310000005,5.0,6.702380952,5.0,5.171471339,4.93,5.050735669
2010,Argentina,5.366584392,10.0,8.260603153,10.0,8.181316211,5.59,6.885658106
2010,Australia,7.232830972,10.0,9.44047619,10.0,9.265385741000001,8.02,8.642692871
2010,Austria,7.4392399970000005,10.0,9.333333332999999,10.0,9.023048392,7.62,8.321524196
2010,Bangladesh,3.224767431,7.5,8.431086905,0.0,5.538410446,6.35,5.944205222999999
2010,Belgium,6.7815029120000005,10.0,9.714285713999999,10.0,9.097983244,7.39,8.243991622000001
2010,Bolivia,3.789452635,10.0,8.630952381,10.0,7.38430108,6.35,6.86715054
2010,Botswana,6.542717186,7.5,7.916666667,0.0,6.799651896,7.02,6.909825948
2010,Brazil,5.546280515,10.0,8.582170517,10.0,7.768350401,6.46,7.114175201
2010,Bulgaria,5.661290626,10.0,7.547619048,10.0,8.299025452999999,7.3,7.799512726000001
2010,Burkina Faso,5.88990626,7.5,8.845238095,10.0,7.584140139,5.93,6.75707007
2010,Cambodia,3.74377095,7.5,8.178571429,10.0,7.746636982999999,7.08,7.413318491
2010,Cameroon,3.4594980060000005,7.5,7.391801836,0.0,5.69852424,6.08,5.88926212
2010,Canada,7.231395546,10.0,9.476190476000001,10.0,9.270230174,8.01,8.640115087
2010,Chile,6.601082844,10.0,9.154761905,10.0,8.652734191,7.89,8.271367096
2010,China,4.306542104,2.5,4.500630255,10.0,5.56364402,6.26,5.91182201
2010,Colombia,5.345278351,7.5,7.806345543,10.0,6.883966501000001,6.74,6.811983251
2010,Cote d'Ivoire,5.092279647,5.0,8.0,10.0,5.8160498039999995,5.69,5.753024902000001
2010,Czech Rep.,6.471947323999999,10.0,9.523809523999999,10.0,9.091980335,7.22,8.155990167999999
2010,Denmark,7.860079505,10.0,9.69047619,10.0,9.488762057999999,7.77,8.629381029
2010,Dominican Rep.,5.1137240010000005,7.5,8.952380952,10.0,6.971664476,7.16,7.065832238
2010,Ecuador,4.244972772,10.0,8.369047619,10.0,7.411652062000001,5.87,6.6408260310000005
2010,Egypt,4.65276397,2.5,6.125872097999999,0.0,5.538519199,6.35,5.944259599
2010,Estonia,7.072114029,10.0,9.547619048,10.0,9.06663718,7.82,8.44331859
2010,Ethiopia,4.550318633,2.5,5.089606697,0.0,5.347052801999999,5.6,5.473526401
2010,Finland,7.884438672000001,10.0,9.75,10.0,9.500482178,7.79,8.645241088999999
2010,France,6.83579065,10.0,9.357142857000001,10.0,8.784171308,7.42,8.102085654
2010,Germany,7.99979985,10.0,8.988095238,10.0,9.106744445,7.59,8.348372223
2010,Ghana,6.050859016,10.0,9.297619048,5.0,7.5816345489999994,6.75,7.165817275
2010,Greece,6.1411792389999995,10.0,7.751182655,10.0,8.619477449,6.81,7.714738725
2010,Guatemala,4.083093802,10.0,8.345238095,10.0,7.273042328,7.15,7.211521164
2010,Hong Kong,7.055418715,10.0,9.047619048,10.0,9.036895813,9.02,9.028447907
2010,Hungary,5.508206757000001,10.0,9.130952381,10.0,8.882872001,7.31,8.096436
2010,India,4.461348747,10.0,8.453279791,10.0,6.574171681,6.39,6.482085841
2010,Indonesia,4.948771678,7.5,8.245968091,10.0,7.162843205,6.85,7.0064216020000005
2010,Italy,5.588016136,10.0,9.011904762,10.0,8.762425872,7.19,7.9762129360000005
2010,Japan,7.704991553999999,10.0,9.44047619,10.0,8.78973097,7.59,8.189865485
2010,Jordan,6.453135217000001,2.5,7.714285714,10.0,5.935704047000001,7.45,6.692852024
2010,Kazakhstan,4.857371977,2.5,6.5910448939999995,10.0,6.910898539,6.94,6.92544927
2010,Kenya,4.7368029389999995,10.0,8.452380952,5.0,6.464775312,6.92,6.692387656
2010,"Korea, South",7.168602808999999,10.0,8.595238095,10.0,8.83331843,7.51,8.171659215
2010,Lebanon,4.543512865,10.0,6.488095238,0.0,6.453065506000001,7.21,6.831532752999999
2010,Madagascar,5.349744945,7.5,8.023809523999999,10.0,6.822954316000001,6.41,6.6164771579999995
2010,Malaysia,5.723684875,5.0,5.654761905,0.0,6.304836142,6.85,6.577418071
2010,Mexico,4.013279181000001,7.5,6.865651503,10.0,6.77785354,6.67,6.72392677
2010,Mongolia,5.2675633280000005,5.0,7.916666667,10.0,7.579832762000001,7.06,7.3199163810000005
2010,Morocco,5.390035051,5.0,6.964285714,0.0,6.393932082999999,6.41,6.401966042000001
2010,Nepal,4.29630175,7.5,6.80952381,10.0,7.3476535720000005,6.2,6.773826786
2010,Netherlands,8.03492321,10.0,9.607142857000001,10.0,9.197257153999999,7.48,8.338628577
2010,New Zealand,7.599610723,10.0,9.642857142999999,10.0,9.428153457,8.33,8.879076728
2010,Nicaragua,4.232095332,5.0,7.75,10.0,7.400990855,7.18,7.290495428
2010,Nigeria,5.285198778,7.5,8.313074708,0.0,5.881825547,6.12,6.000912773
2010,Norway,8.162277648,10.0,9.714285713999999,10.0,9.561850781,7.47,8.51592539
2010,Oman,0.0,2.5,4.5119047619999995,0.0,5.4334845970000005,7.01,6.221742299
2010,Pakistan,3.944855823,5.0,7.2572376489999995,0.0,4.83393429,6.17,5.501967145
2010,Panama,5.051130622,10.0,8.535714286000001,10.0,7.683680031000001,7.22,7.451840015
2010,Peru,4.313771377,7.5,8.69047619,5.0,7.59911769,7.64,7.619558845
2010,Philippines,4.270247161,7.5,8.137981223999999,10.0,7.3199292389999995,7.05,7.184964619
2010,Poland,6.293374427000001,10.0,9.261904762,10.0,8.929675015,7.12,8.024837508
2010,Portugal,6.152412839,10.0,9.547619048,10.0,8.99970046,7.0,7.99985023
2010,Qatar,0.0,2.5,5.80952381,0.0,4.960796131,7.35,6.155398065
2010,Romania,5.860435166,7.5,8.845238095,10.0,8.749529929,7.3,8.024764965
2010,Russia,4.958974582,2.5,7.66857089,10.0,6.493733496,6.54,6.516866747999999
2010,Senegal,5.775006917000001,7.5,7.857142857,0.0,6.460769639,5.95,6.205384819
2010,Serbia,4.71363922,7.5,9.035714286000001,10.0,7.728382732000001,6.56,7.144191366
2010,Singapore,7.884960541,5.0,5.654761905,5.0,7.445439321,8.76,8.10271966
2010,Slovenia,5.958061292999999,10.0,9.261904762,10.0,8.620038903,6.82,7.720019452000001
2010,South Africa,5.470206159,10.0,9.071428571,10.0,6.798161376,7.05,6.924080687999999
2010,Spain,6.456055282,10.0,9.345238095,10.0,9.17240006,7.32,8.24620003
2010,Sri Lanka,5.226857387,7.5,7.833333333,0.0,6.570649701000001,6.63,6.60032485
2010,Sweden,7.780176642000001,10.0,9.726190476000001,10.0,9.43860508,7.58,8.50930254
2010,Tanzania,4.847786052,7.5,7.19047619,0.0,6.479170302999999,6.7,6.589585152000001
2010,Thailand,4.320854545,7.5,6.241552319,10.0,7.748105459,6.65,7.199052729
2010,Tunisia,5.555957938,2.5,4.544306326,0.0,5.6874792020000005,6.49,6.088739601
2010,Turkey,5.517525178,5.0,6.0210968110000005,10.0,7.152000169,6.83,6.9910000839999995
2010,Uganda,5.128121902,7.5,7.502799158999999,0.0,5.60618749,7.44,6.523093745
2010,Ukraine,5.185253975,7.5,8.523809523999999,10.0,7.696264052,5.9,6.798132026
2010,United Arab Emirates,6.037091325,5.0,6.571428571,0.0,5.86176948,7.56,6.71088474
2010,United Kingdom,7.23546574,10.0,9.428571429,10.0,9.012806142999999,7.89,8.451403071
2010,United States,6.5321267039999995,10.0,9.523809523999999,10.0,8.711692082,7.81,8.260846041
2010,Uruguay,7.140848527,10.0,9.261904762,10.0,8.817575129,7.33,8.073787564
2010,Venezuela,3.781687785,7.5,7.202380952,10.0,6.353238095,3.96,5.1566190480000005
2010,Vietnam,4.349101094,2.5,4.550217054,10.0,6.679871106,6.33,6.504935552999999
2010,Zambia,4.578003043,5.0,7.321428571,5.0,6.087382927999999,7.35,6.718691464
2010,Zimbabwe,3.9915815310000005,5.0,6.345238095,5.0,5.358829586000001,4.46,4.909414793
2009,Argentina,5.366584392,10.0,8.630952381,10.0,8.175462245,5.82,6.997731122999999
2009,Australia,7.232830972,10.0,9.392857142999999,10.0,9.290625547000001,7.97,8.630312773
2009,Austria,7.4392399970000005,10.0,9.333333332999999,10.0,9.031761234,7.66,8.345880617
2009,Bangladesh,3.224767431,7.5,8.357142857000001,0.0,5.533021371,6.3,5.916510685
2009,Belgium,6.7815029120000005,10.0,9.714285713999999,10.0,9.110863515,7.28,8.195431758
2009,Bolivia,3.789452635,10.0,8.761904762,10.0,7.540680087999999,6.3,6.920340044
2009,Botswana,6.542717186,7.5,7.916666667,0.0,6.838068646,6.76,6.799034323
2009,Brazil,5.546280515,10.0,8.617177023,10.0,7.751097933,6.24,6.995548966
2009,Bulgaria,5.661290626,10.0,9.011904762,10.0,8.406204734,7.29,7.848102367
2009,Burkina Faso,5.88990626,7.5,8.845238095,10.0,7.432164748,5.9,6.666082374
2009,Cameroon,3.4594980060000005,7.5,8.069342751,0.0,5.73755256,5.85,5.79377628
2009,Canada,7.231395546,10.0,9.476190476000001,10.0,9.267998708,8.01,8.638999354
2009,Chile,6.601082844,10.0,9.107142857000001,10.0,8.628271936,7.87,8.249135968
2009,China,4.306542104,2.5,4.569483762,10.0,5.56587253,6.31,5.937936265
2009,Colombia,5.345278351,7.5,7.318251158,10.0,6.795143368,6.7,6.7475716839999995
2009,Cote d'Ivoire,5.092279647,5.0,8.071428571,10.0,5.899113913,5.69,5.794556957
2009,Czech Rep.,6.471947323999999,10.0,9.55952381,10.0,9.153648871,7.17,8.161824436
2009,Denmark,7.860079505,10.0,9.761904762,10.0,9.484656758,7.66,8.572328379
2009,Dominican Rep.,5.1137240010000005,7.5,8.976190476000001,10.0,7.038388667,6.95,6.994194332999999
2009,Ecuador,4.244972772,10.0,8.523809523999999,10.0,7.3799374989999995,5.92,6.64996875
2009,Egypt,4.65276397,2.5,6.293268009,0.0,5.5515699739999995,6.21,5.880784987
2009,Estonia,7.072114029,10.0,9.595238095,10.0,9.057999033,7.7,8.378999516
2009,Ethiopia,4.550318633,2.5,5.087862626000001,0.0,5.216424374,5.78,5.498212187000001
2009,Finland,7.884438672000001,10.0,9.75,10.0,9.510538139,7.71,8.610269069
2009,France,6.83579065,10.0,9.357142857000001,10.0,8.99974644,7.43,8.21487322
2009,Germany,7.99979985,10.0,8.988095238,10.0,9.14276874,7.55,8.34638437
2009,Ghana,6.050859016,10.0,9.297619048,5.0,7.628736272,6.87,7.249368136
2009,Greece,6.1411792389999995,10.0,9.071428571,10.0,8.766922893,6.96,7.863461447000001
2009,Guatemala,4.083093802,10.0,6.880952381,10.0,7.18494709,7.15,7.167473545
2009,Hong Kong,7.055418715,10.0,9.0,10.0,9.015306176000001,9.09,9.052653088
2009,Hungary,5.508206757000001,10.0,9.345238095,10.0,8.898742708,7.27,8.084371354
2009,India,4.461348747,10.0,8.546582467,10.0,6.591647251,6.39,6.490823625
2009,Indonesia,4.948771678,7.5,8.404597882000001,10.0,7.1983044320000005,6.55,6.874152216000001
2009,Italy,5.588016136,10.0,9.047619048,10.0,8.792230041,6.97,7.881115021
2009,Japan,7.704991553999999,10.0,9.44047619,10.0,8.862743429,7.52,8.191371714
2009,Jordan,6.453135217000001,2.5,7.714285714,10.0,6.019212985,7.23,6.624606493
2009,Kazakhstan,4.857371977,2.5,5.761609954,10.0,6.768123339,7.07,6.9190616689999995
2009,Kenya,4.7368029389999995,10.0,7.966391122,5.0,6.420323221,6.9,6.660161611
2009,"Korea, South",7.168602808999999,10.0,8.095238095,10.0,8.753503615,7.35,8.051751807999999
2009,Madagascar,5.349744945,7.5,7.745953838999999,10.0,6.819998934,6.28,6.549999467
2009,Malaysia,5.723684875,5.0,6.202380952,0.0,6.548765822999999,6.6,6.574382912000001
2009,Mexico,4.013279181000001,7.5,8.629605701000001,10.0,7.135360175,6.53,6.832680087999999
2009,Mongolia,5.2675633280000005,5.0,7.952380952,10.0,7.561839722,7.03,7.295919861000001
2009,Morocco,5.390035051,5.0,7.860104949,0.0,6.463866652999999,6.26,6.361933327000001
2009,Nepal,4.29630175,7.5,9.072919782,10.0,7.5670985889999995,5.86,6.713549295
2009,Netherlands,8.03492321,10.0,9.678571429,10.0,9.222488949,7.44,8.331244474
2009,New Zealand,7.599610723,10.0,8.619047619,10.0,9.325434052,8.27,8.797717026
2009,Nicaragua,4.232095332,5.0,6.928571429,10.0,7.308307527,7.09,7.199153764
2009,Nigeria,5.285198778,7.5,7.050334394,0.0,5.888858992,5.89,5.889429496
2009,Norway,8.162277648,10.0,7.845238095,10.0,9.420202019,7.5,8.460101009
2009,Oman,0.0,2.5,4.833333333,0.0,5.585305247999999,7.13,6.357652624
2009,Pakistan,3.944855823,5.0,9.089667042,0.0,5.070442595,6.12,5.595221297
2009,Panama,5.051130622,10.0,9.452380952,10.0,7.787263066,7.25,7.518631533
2009,Peru,4.313771377,7.5,8.523809523999999,5.0,7.573309457000001,7.51,7.541654728999999
2009,Philippines,4.270247161,7.5,7.869047619,10.0,7.240387494,6.66,6.950193747
2009,Poland,6.293374427000001,10.0,9.595238095,10.0,8.990015148,7.16,8.075007573999999
2009,Portugal,6.152412839,10.0,8.19047619,10.0,8.860806969,7.17,8.015403484
2009,Romania,5.860435166,7.5,7.678571429,10.0,8.668488417999999,7.45,8.059244209
2009,Russia,4.958974582,2.5,7.073076875,10.0,6.465112832000001,6.43,6.447556416
2009,Senegal,5.775006917000001,7.5,8.428571429,0.0,6.616524748,6.05,6.333262373999999
2009,Serbia,4.71363922,7.5,8.380952381,10.0,7.878666122,6.58,7.229333061
2009,Singapore,7.884960541,5.0,6.964285714,5.0,7.619521166,8.77,8.194760582999999
2009,Slovenia,5.958061292999999,10.0,9.297619048,10.0,8.632398245,7.02,7.826199122999999
2009,South Africa,5.470206159,10.0,9.142857142999999,10.0,6.806230159,6.82,6.813115079
2009,Spain,6.456055282,10.0,9.261904762,10.0,8.932052929,7.27,8.101026464
2009,Sri Lanka,5.226857387,7.5,6.2621719229999995,0.0,5.914971866,6.35,6.132485933
2009,Sweden,7.780176642000001,10.0,9.761904762,10.0,9.441831307000001,7.39,8.415915653999999
2009,Tanzania,4.847786052,7.5,7.119047619,0.0,6.455916335,6.42,6.437958167000001
2009,Thailand,4.320854545,7.5,6.797619048,10.0,7.835613273,6.69,7.262806637000001
2009,Tunisia,5.555957938,2.5,4.407027242,0.0,5.820344255,6.71,6.2651721270000005
2009,Turkey,5.517525178,5.0,6.18448625,10.0,7.137344852999999,6.79,6.9636724260000005
2009,Uganda,5.128121902,7.5,8.333333332999999,0.0,5.460617022,7.36,6.410308511
2009,Ukraine,5.185253975,7.5,8.642857142999999,10.0,7.7719963739999995,5.89,6.8309981870000005
2009,United Arab Emirates,6.037091325,5.0,6.571428571,0.0,5.563102814,7.4,6.481551407
2009,United Kingdom,7.23546574,10.0,9.428571429,10.0,9.100353446,8.08,8.590176722999999
2009,United States,6.5321267039999995,10.0,9.476190476000001,10.0,8.571687775,7.95,8.260843887
2009,Uruguay,7.140848527,10.0,9.30952381,10.0,8.800818606,7.05,7.9254093029999995
2009,Venezuela,3.781687785,7.5,6.664591512,10.0,6.207028816,4.36,5.283514408
2009,Vietnam,4.349101094,2.5,4.650352331000001,10.0,6.680302594,6.45,6.565151297000001
2009,Zambia,4.578003043,5.0,7.25,5.0,6.110227178,7.13,6.620113589
2009,Zimbabwe,3.9915815310000005,5.0,6.214285714,5.0,5.355346859,4.5,4.92767343
2008,Argentina,5.366584392,10.0,8.630952381,10.0,8.190240023,5.88,7.035120011
2008,Australia,7.232830972,10.0,9.392857142999999,10.0,9.292040485,8.08,8.686020243
2008,Austria,7.4392399970000005,10.0,9.333333332999999,10.0,9.027406837000001,7.7,8.363703418
2008,Bangladesh,3.224767431,7.5,8.073733094,0.0,5.526271815,6.07,5.798135907000001
2008,Belgium,6.7815029120000005,10.0,9.714285713999999,10.0,9.064171711,7.3,8.182085856
2008,Bolivia,3.789452635,10.0,7.369047619,10.0,7.367289307999999,6.09,6.728644654
2008,Botswana,6.542717186,7.5,8.011904762,0.0,6.821651759,6.85,6.83582588
2008,Brazil,5.546280515,10.0,8.714285713999999,10.0,7.718818367999999,6.31,7.014409184
2008,Bulgaria,5.661290626,10.0,7.547619048,10.0,8.242904097,7.17,7.706452047999999
2008,Burkina Faso,5.88990626,7.5,8.845238095,10.0,7.56846133,5.95,6.759230665
2008,Cameroon,3.4594980060000005,7.5,8.039360643,0.0,5.8045779479999995,5.57,5.687288973999999
2008,Canada,7.231395546,10.0,9.476190476000001,10.0,9.266003131,8.04,8.653001565
2008,Chile,6.601082844,10.0,9.142857142999999,10.0,8.654430145,7.8,8.227215073
2008,China,4.306542104,2.5,4.529327268,10.0,5.721287552000001,6.27,5.9956437760000005
2008,Colombia,5.345278351,7.5,8.30952381,10.0,6.925207378,6.6,6.762603689
2008,Cote d'Ivoire,5.092279647,5.0,7.962446645,10.0,5.893141647,5.5,5.696570822999999
2008,Czech Rep.,6.471947323999999,10.0,9.55952381,10.0,9.131336823,7.21,8.170668411
2008,Denmark,7.860079505,10.0,9.761904762,10.0,9.49434766,7.88,8.68717383
2008,Dominican Rep.,5.1137240010000005,7.5,7.511904762,10.0,6.878053669,6.46,6.669026833999999
2008,Ecuador,4.244972772,10.0,8.543977385,10.0,7.416108904,6.02,6.7180544520000005
2008,Egypt,4.65276397,2.5,6.327591363,0.0,5.579720005,6.43,6.004860002000001
2008,Estonia,7.072114029,10.0,9.630952381,10.0,9.039304086,7.77,8.404652042999999
2008,Ethiopia,4.550318633,2.5,5.215653103999999,0.0,5.367709297,5.35,5.3588546489999995
2008,Finland,7.884438672000001,10.0,9.75,10.0,9.49774149,7.81,8.653870745
2008,France,6.83579065,10.0,9.392857142999999,10.0,8.969965038,7.42,8.194982519
2008,Germany,7.99979985,10.0,9.023809523999999,10.0,9.144098743999999,7.5,8.322049372
2008,Ghana,6.050859016,10.0,9.297619048,5.0,7.607686306000001,6.82,7.213843152999999
2008,Greece,6.1411792389999995,10.0,9.071428571,10.0,8.771017541,7.1,7.935508771
2008,Guatemala,4.083093802,10.0,6.880952381,10.0,7.188650794,7.21,7.199325397000001
2008,Hong Kong,7.055418715,10.0,9.035714286000001,10.0,9.062625879,9.19,9.126312939
2008,Hungary,5.508206757000001,10.0,9.44047619,10.0,8.8948093,7.2,8.04740465
2008,India,4.461348747,10.0,8.380810521,10.0,6.569894973999999,6.47,6.5199474870000005
2008,Indonesia,4.948771678,7.5,8.392857142999999,10.0,7.18482766,6.39,6.78741383
2008,Italy,5.588016136,10.0,9.083333332999999,10.0,8.793880932999999,7.07,7.931940466
2008,Japan,7.704991553999999,10.0,9.44047619,10.0,8.828607822999999,7.65,8.239303911
2008,Jordan,6.453135217000001,2.5,7.666666667,10.0,5.949624287000001,7.17,6.559812142999999
2008,Kazakhstan,4.857371977,2.5,6.738095238,10.0,6.8688788579999995,7.04,6.954439429
2008,Kenya,4.7368029389999995,10.0,7.885088318999999,5.0,6.464595356,6.77,6.617297678
2008,"Korea, South",7.168602808999999,10.0,8.666666667000001,10.0,8.838646472,7.46,8.149323236
2008,Madagascar,5.349744945,7.5,8.547619048,10.0,7.04144638,6.07,6.55572319
2008,Malaysia,5.723684875,5.0,5.619047619,0.0,6.2962807860000005,6.61,6.453140392999999
2008,Mexico,4.013279181000001,7.5,7.567311717999999,10.0,7.187200356,6.66,6.923600177999999
2008,Mongolia,5.2675633280000005,5.0,7.857142857,10.0,7.560717542000001,6.73,7.145358771000001
2008,Morocco,5.390035051,5.0,7.083333333,0.0,6.362836596,6.22,6.291418298
2008,Nepal,4.29630175,7.5,7.746139185,10.0,7.397345407,6.03,6.7136727039999995
2008,Netherlands,8.03492321,10.0,9.654761905,10.0,9.241021092,7.58,8.410510546
2008,New Zealand,7.599610723,10.0,9.678571429,10.0,9.421084929,8.4,8.910542465
2008,Nicaragua,4.232095332,5.0,7.702380952,10.0,7.406305225,7.12,7.263152612000001
2008,Nigeria,5.285198778,7.5,8.30996392,0.0,6.272717312999999,6.03,6.151358657
2008,Norway,8.162277648,10.0,9.75,10.0,9.554284445,7.63,8.592142222
2008,Oman,0.0,2.5,4.5119047619999995,0.0,5.8540851179999995,7.08,6.467042558999999
2008,Pakistan,3.944855823,5.0,7.60716923,0.0,4.833700896,5.97,5.401850447999999
2008,Panama,5.051130622,10.0,8.535714286000001,10.0,7.748312462,7.24,7.494156231
2008,Peru,4.313771377,7.5,8.555008227,5.0,7.494996915,7.5,7.497498458
2008,Philippines,4.270247161,7.5,7.851944864,10.0,7.391257316,6.72,7.055628658
2008,Poland,6.293374427000001,10.0,9.297619048,10.0,8.953865038,7.0,7.976932519
2008,Portugal,6.152412839,10.0,9.595238095,10.0,8.986276371,7.21,8.098138186
2008,Romania,5.860435166,7.5,8.80952381,10.0,8.737953245,7.32,8.028976623
2008,Russia,4.958974582,2.5,7.305852713999999,10.0,6.531378106,6.52,6.525689053
2008,Senegal,5.775006917000001,7.5,7.799608615,0.0,6.527742971,5.87,6.198871486
2008,Serbia,4.71363922,7.5,8.773809523999999,10.0,7.9152815620000005,6.55,7.232640781000001
2008,Singapore,7.884960541,5.0,5.35956568,5.0,7.439441146,8.92,8.179720572999999
2008,Slovenia,5.958061292999999,10.0,9.30952381,10.0,8.641524756,7.01,7.825762377999999
2008,South Africa,5.470206159,10.0,9.142857142999999,10.0,6.804748677,6.72,6.762374339
2008,Spain,6.456055282,10.0,9.261904762,10.0,9.124498447,7.37,8.247249223999999
2008,Sri Lanka,5.226857387,7.5,6.213703767,0.0,5.460754989,6.26,5.860377495
2008,Sweden,7.780176642000001,10.0,9.726190476000001,10.0,9.504694225,7.4,8.452347112
2008,Tanzania,4.847786052,7.5,7.130952381,0.0,6.477211999,6.2,6.3386059999999995
2008,Thailand,4.320854545,7.5,6.201212947999999,10.0,7.748565091000001,6.8,7.274282546
2008,Tunisia,5.555957938,2.5,4.75,0.0,5.818115966000001,6.68,6.249057982999999
2008,Turkey,5.517525178,5.0,6.452380952,10.0,6.976817597,6.86,6.918408798
2008,Uganda,5.128121902,7.5,8.333333332999999,0.0,5.780542054,7.21,6.495271027
2008,Ukraine,5.185253975,7.5,8.571428571,10.0,7.727394756,5.87,6.798697378
2008,United Arab Emirates,6.037091325,5.0,6.654761905,0.0,5.889732443,7.68,6.784866222000001
2008,United Kingdom,7.23546574,10.0,9.428571429,10.0,9.082841586,7.99,8.536420793
2008,United States,6.5321267039999995,10.0,9.476190476000001,10.0,8.726530935,8.17,8.448265467999999
2008,Uruguay,7.140848527,10.0,9.297619048,10.0,8.775693261,7.12,7.94784663
2008,Venezuela,3.781687785,7.5,6.778079217999999,10.0,6.295758656,4.22,5.2578793280000005
2008,Vietnam,4.349101094,2.5,4.598000988,10.0,6.6504126160000006,6.19,6.420206307999999
2008,Zambia,4.578003043,5.0,7.202380952,5.0,6.145448813,7.15,6.647724406
2008,Zimbabwe,3.9915815310000005,5.0,6.047619048,5.0,5.321141462,4.55,4.935570731
